SET SQL_MODE = "NO_AUTO_VALUE_ON_ZERO";
START TRANSACTION;
SET time_zone = "+00:00";

/*!40101 SET @OLD_CHARACTER_SET_CLIENT=@@CHARACTER_SET_CLIENT */;
/*!40101 SET @OLD_CHARACTER_SET_RESULTS=@@CHARACTER_SET_RESULTS */;
/*!40101 SET @OLD_COLLATION_CONNECTION=@@COLLATION_CONNECTION */;
/*!40101 SET NAMES utf8mb4 */;

USE `wow_companion_db`;

INSERT INTO `COVENANT` (`ID`, `DE_DE`, `EN_GB`, `EN_US`, `ES_ES`, `ES_MX`, `FR_FR`, `IT_IT`, `KO_KR`, `PT_BR`, `RU_RU`, `ZH_CN`, `ZH_TW`, `MEDIA_URL`) VALUES
(1, 'Kyrianer', 'Kyrian', 'Kyrian', 'kyrianos', 'Kyrian', 'Kyrians', 'Kyrian', '키리안', 'Kyrianos', 'Кирии', '格里恩', '琪瑞安', 'https://render.worldofwarcraft.com/eu/icons/56/inv_misc_sigil_bastion01.jpg'),
(2, 'Venthyr', 'Venthyr', 'Venthyr', 'venthyr', 'Venthyr', 'Venthyrs', 'Venthyr', '벤티르', 'Venthyr', 'Вентиры', '温西尔', '汎希爾族', 'https://render.worldofwarcraft.com/eu/icons/56/inv_misc_sigil_revendreth01.jpg'),
(3, 'Nachtfae', 'Night Fae', 'Night Fae', 'sílfides nocturnas', 'Noctifeéricos', 'Faë nocturnes', 'Silfi della Notte', '나이트 페이', 'Feérios Noturnos', 'Ночной народец', '法夜', '暗夜妖精', 'https://render.worldofwarcraft.com/eu/icons/56/inv_misc_sigil_ardenweald01.jpg'),
(4, 'Nekrolords', 'Necrolord', 'Necrolord', 'necroseñores', 'Necroseñores', 'Nécro-seigneurs', 'Necrosignori', '강령군주', 'Necrolordes', 'Некролорды', '通灵领主', '死靈領主', 'https://render.worldofwarcraft.com/eu/icons/56/inv_misc_sigil_maldraxxus01.jpg');

INSERT INTO `FACTIONS` (`ID`, `DE_DE`, `EN_GB`, `EN_US`, `ES_ES`, `ES_MX`, `FR_FR`, `IT_IT`, `KO_KR`, `PT_BR`, `RU_RU`, `ZH_CN`, `ZH_TW`, `TYPE`) VALUES
(1, 'Allianz', 'Alliance', 'Alliance', 'Alianza', 'Alianza', 'Alliance', 'Alleanza', '얼라이언스', 'Aliança', 'Альянс', '联盟', '聯盟', 'ALLIANCE'),
(2, 'Horde', 'Horde', 'Horde', 'Horda', 'Horda', 'Horde', 'Orda', '호드', 'Horda', 'Орда', '部落', '部落', 'HORDE'),
(3, 'Neutral', 'Neutral', 'Neutral', 'Neutral', 'Neutral', 'Neutre', 'Neutrale', '중립 지역', 'Neutra', 'Нейтралы', '中立', '中立', 'NEUTRAL');

INSERT INTO `hibernate_sequence` (`next_val`) VALUES
(1);

INSERT INTO `PLAYABLE_CLASSES` (`ID`, `DE_DE`, `EN_GB`, `EN_US`, `ES_ES`, `ES_MX`, `FR_FR`, `IT_IT`, `KO_KR`, `PT_BR`, `RU_RU`, `ZH_CN`, `ZH_TW`, `MEDIA_URL`) VALUES
(1, 'Krieger', 'Warrior', 'Warrior', 'Guerrero', 'Guerrero', 'Guerrier', 'Guerriero', '전사', 'Guerreiro', 'Воин', '战士', '戰士', 'https://render.worldofwarcraft.com/eu/icons/56/classicon_warrior.jpg'),
(2, 'Paladin', 'Paladin', 'Paladin', 'Paladín', 'Paladín', 'Paladin', 'Paladino', '성기사', 'Paladino', 'Паладин', '圣骑士', '聖騎士', 'https://render.worldofwarcraft.com/eu/icons/56/classicon_paladin.jpg'),
(3, 'Jäger', 'Hunter', 'Hunter', 'Cazador', 'Cazador', 'Chasseur', 'Cacciatore', '사냥꾼', 'Caçador', 'Охотник', '猎人', '獵人', 'https://render.worldofwarcraft.com/eu/icons/56/classicon_hunter.jpg'),
(4, 'Schurke', 'Rogue', 'Rogue', 'Pícaro', 'Pícaro', 'Voleur', 'Ladro', '도적', 'Ladino', 'Разбойник', '潜行者', '盜賊', 'https://render.worldofwarcraft.com/eu/icons/56/classicon_rogue.jpg'),
(5, 'Priester', 'Priest', 'Priest', 'Sacerdote', 'Sacerdote', 'Prêtre', 'Sacerdote', '사제', 'Sacerdote', 'Жрец', '牧师', '牧師', 'https://render.worldofwarcraft.com/eu/icons/56/classicon_priest.jpg'),
(6, 'Todesritter', 'Death Knight', 'Death Knight', 'Caballero de la Muerte', 'Caballero de la Muerte', 'Chevalier de la mort', 'Cavaliere della Morte', '죽음의 기사', 'Cavaleiro da Morte', 'Рыцарь смерти', '死亡骑士', '死亡騎士', 'https://render.worldofwarcraft.com/eu/icons/56/spell_deathknight_classicon.jpg'),
(7, 'Schamane', 'Shaman', 'Shaman', 'Chamán', 'Chamán', 'Chaman', 'Sciamano', '주술사', 'Xamã', 'Шаман', '萨满祭司', '薩滿', 'https://render.worldofwarcraft.com/eu/icons/56/classicon_shaman.jpg'),
(8, 'Magier', 'Mage', 'Mage', 'Mago', 'Mago', 'Mage', 'Mago', '마법사', 'Mago', 'Маг', '法师', '法師', 'https://render.worldofwarcraft.com/eu/icons/56/classicon_mage.jpg'),
(9, 'Hexenmeister', 'Warlock', 'Warlock', 'Brujo', 'Brujo', 'Démoniste', 'Stregone', '흑마법사', 'Bruxo', 'Чернокнижник', '术士', '術士', 'https://render.worldofwarcraft.com/eu/icons/56/classicon_warlock.jpg'),
(10, 'Mönch', 'Monk', 'Monk', 'Monje', 'Monje', 'Moine', 'Monaco', '수도사', 'Monge', 'Монах', '武僧', '武僧', 'https://render.worldofwarcraft.com/eu/icons/56/classicon_monk.jpg'),
(11, 'Druide', 'Druid', 'Druid', 'Druida', 'Druida', 'Druide', 'Druido', '드루이드', 'Druida', 'Друид', '德鲁伊', '德魯伊', 'https://render.worldofwarcraft.com/eu/icons/56/classicon_druid.jpg'),
(12, 'Dämonenjäger', 'Demon Hunter', 'Demon Hunter', 'Cazador de demonios', 'Cazador de demonios', 'Chasseur de démons', 'Cacciatore di Demoni', '악마사냥꾼', 'Caçador de Demônios', 'Охотник на демонов', '恶魔猎手', '惡魔獵人', 'https://render.worldofwarcraft.com/eu/icons/56/achievement_boss_illidan.jpg');

INSERT INTO `PLAYABLE_RACES` (`ID`, `DE_DE`, `EN_GB`, `EN_US`, `ES_ES`, `ES_MX`, `FR_FR`, `IT_IT`, `KO_KR`, `PT_BR`, `RU_RU`, `ZH_CN`, `ZH_TW`, `FACTION_ID`) VALUES
(1, 'Mensch', 'Human', 'Human', 'Humano', 'Humano', 'Humain', 'Umano', '인간', 'Humano', 'Человек', '人类', '人類', 1),
(2, 'Orc', 'Orc', 'Orc', 'Orco', 'Orco', 'Orc', 'Orco', '오크', 'Orc', 'Орк', '兽人', '獸人', 2),
(3, 'Zwerg', 'Dwarf', 'Dwarf', 'Enano', 'Enano', 'Nain', 'Nano', '드워프', 'Anão', 'Дворф', '矮人', '矮人', 1),
(4, 'Nachtelf', 'Night Elf', 'Night Elf', 'Elfo de la noche', 'Elfo de la noche', 'Elfe de la nuit', 'Elfo della Notte', '나이트 엘프', 'Elfo Noturno', 'Ночной эльф', '暗夜精灵', '夜精靈', 1),
(5, 'Untoter', 'Undead', 'Undead', 'No-muerto', 'No-muerto', 'Mort-vivant', 'Non Morto', '언데드', 'Morto-vivo', 'Нежить', '亡灵', '不死族', 2),
(6, 'Tauren', 'Tauren', 'Tauren', 'Tauren', 'Tauren', 'Tauren', 'Tauren', '타우렌', 'Tauren', 'Таурен', '牛头人', '牛頭人', 2),
(7, 'Gnom', 'Gnome', 'Gnome', 'Gnomo', 'Gnomo', 'Gnome', 'Gnomo', '노움', 'Gnomo', 'Гном', '侏儒', '地精', 1),
(8, 'Troll', 'Troll', 'Troll', 'Trol', 'Trol', 'Troll', 'Troll', '트롤', 'Troll', 'Тролль', '巨魔', '食人妖', 2),
(9, 'Goblin', 'Goblin', 'Goblin', 'Goblin', 'Goblin', 'Gobelin', 'Goblin', '고블린', 'Goblin', 'Гоблин', '地精', '哥布林', 2),
(10, 'Blutelf', 'Blood Elf', 'Blood Elf', 'Elfo de sangre', 'Elfo de sangre', 'Elfe de sang', 'Elfo del Sangue', '블러드 엘프', 'Elfo Sangrento', 'Эльф крови', '血精灵', '血精靈', 2),
(11, 'Draenei', 'Draenei', 'Draenei', 'Draenei', 'Draenei', 'Draeneï', 'Draenei', '드레나이', 'Draenei', 'Дреней', '德莱尼', '德萊尼', 1),
(22, 'Worgen', 'Worgen', 'Worgen', 'Huargen', 'Huargen', 'Worgen', 'Worgen', '늑대인간', 'Worgen', 'Ворген', '狼人', '狼人', 1),
(24, 'Pandaren', 'Pandaren', 'Pandaren', 'Pandaren', 'Pandaren', 'Pandaren', 'Pandaren', '판다렌', 'Pandaren', 'Пандарен', '熊猫人', '熊貓人', 3),
(25, 'Pandaren', 'Pandaren', 'Pandaren', 'Pandaren', 'Pandaren', 'Pandaren', 'Pandaren', '판다렌', 'Pandaren', 'Пандарен', '熊猫人', '熊貓人', 1),
(26, 'Pandaren', 'Pandaren', 'Pandaren', 'Pandaren', 'Pandaren', 'Pandaren', 'Pandaren', '판다렌', 'Pandaren', 'Пандарен', '熊猫人', '熊貓人', 2),
(27, 'Nachtgeborener', 'Nightborne', 'Nightborne', 'Nocheterna', 'Natonocturno', 'Sacrenuit', 'Nobile Oscuro', '나이트본', 'Filho da Noite', 'Ночнорожденный', '夜之子', '夜裔精靈', 2),
(28, 'Hochbergtauren', 'Highmountain Tauren', 'Highmountain Tauren', 'Tauren Monte Alto', 'Tauren de Altamontaña', 'Tauren de Haut-Roc', 'Tauren di Alto Monte', '높은산 타우렌', 'Tauren Altamontês', 'Таурен Крутогорья', '至高岭牛头人', '高嶺牛頭人', 2),
(29, 'Leerenelf', 'Void Elf', 'Void Elf', 'Elfo del Vacío', 'Elfo del Vacío', 'Elfe du Vide', 'Elfo del Vuoto', '공허 엘프', 'Elfo Caótico', 'Эльф Бездны', '虚空精灵', '虛無精靈', 1),
(30, 'Lichtgeschmiedeter Draenei', 'Lightforged Draenei', 'Lightforged Draenei', 'Draenei forjado por la Luz', 'Draenei templeluz', 'Draeneï sancteforge', 'Draenei Forgialuce', '빛벼림 드레나이', 'Draenei Forjado a Luz', 'Озаренный дреней', '光铸德莱尼', '光鑄德萊尼', 1),
(31, 'Zandalaritroll', 'Zandalari Troll', 'Zandalari Troll', 'Trol Zandalari', 'Trol zandalari', 'Troll zandalari', 'Troll Zandalari', '잔달라 트롤', 'Troll Zandalari', 'Зандалар', '赞达拉巨魔', '贊達拉食人妖', 2),
(32, 'Kul Tiraner', 'Kul Tiran', 'Kul Tiran', 'Ciudadano de Kul Tiras', 'Kultirano', 'Kultirassien', 'Kul Tirano', '쿨 티란', 'Kultireno', 'Култирасец', '库尔提拉斯人', '庫爾提拉斯人', 1),
(34, 'Dunkeleisenzwerg', 'Dark Iron Dwarf', 'Dark Iron Dwarf', 'Enano Hierro Negro', 'Enano Hierro Negro', 'Nain sombrefer', 'Nano Ferroscuro', '검은무쇠 드워프', 'Anão Ferro Negro', 'Дворф из клана Черного Железа', '黑铁矮人', '黑鐵矮人', 1),
(35, 'Vulpera', 'Vulpera', 'Vulpera', 'Vulpera', 'Vulpera', 'Vulpérin', 'Vulpera', '불페라', 'Vulpera', 'Вульпера', '狐人', '狐狸人', 2),
(36, 'Mag\'har', 'Mag\'har Orc', 'Mag\'har Orc', 'Orco Mag\'har', 'Orco mag\'har', 'Orc mag’har', 'Orco Mag\'har', '마그하르 오크', 'Orc Mag\'har', 'Маг\'хар', '玛格汉兽人', '瑪格哈獸人', 2),
(37, 'Mechagnom', 'Mechagnome', 'Mechagnome', 'Mecagnomo', 'Mecagnomo', 'Mécagnome', 'Meccagnomo', '기계노움', 'Gnomecânico', 'Механогном', '机械侏儒', '機械地精', 1);

INSERT INTO `SPECIALIZATION_ROLES` (`ID`, `DE_DE`, `EN_GB`, `EN_US`, `ES_ES`, `ES_MX`, `FR_FR`, `IT_IT`, `KO_KR`, `PT_BR`, `RU_RU`, `ZH_CN`, `ZH_TW`, `TYPE`) VALUES
(1, 'Schaden', 'Damage', 'Damage', 'Daño', 'Daño', 'Dégâts', 'Assaltatore', '공격 전담', 'Dano', 'Боец', '伤害输出', '傷害輸出', 'DAMAGE'),
(2, 'Heilung', 'Healer', 'Healer', 'Sanador', 'Sanador', 'Soins', 'Guaritore', '치유 전담', 'Cura', 'Лекарь', '治疗', '治療者', 'HEALER'),
(3, 'Tank', 'Tank', 'Tank', 'Tanque', 'Tanque', 'Tank', 'Difensore', '방어 전담', 'Tanque', 'Танк', '坦克', '坦克', 'TANK');

INSERT INTO `PLAYABLE_SPECIALIZATIONS` (`ID`, `DE_DE`, `EN_GB`, `EN_US`, `ES_ES`, `ES_MX`, `FR_FR`, `IT_IT`, `KO_KR`, `PT_BR`, `RU_RU`, `ZH_CN`, `ZH_TW`, `MEDIA_URL`, `PLAYABLE_CLASS_ID`, `SPECIALIZATION_ROLE_ID`) VALUES
(62, 'Arkan', 'Arcane', 'Arcane', 'Arcano', 'Arcano', 'Arcanes', 'Arcano', '비전', 'Arcano', 'Тайная магия', '奥术', '秘法', 'https://render.worldofwarcraft.com/eu/icons/56/spell_holy_magicalsentry.jpg', 8, 1),
(63, 'Feuer', 'Fire', 'Fire', 'Fuego', 'Fuego', 'Feu', 'Fuoco', '화염', 'Fogo', 'Огонь', '火焰', '火焰', 'https://render.worldofwarcraft.com/eu/icons/56/spell_fire_firebolt02.jpg', 8, 1),
(64, 'Frost', 'Frost', 'Frost', 'Escarcha', 'Escarcha', 'Givre', 'Gelo', '냉기', 'Gélido', 'Лед', '冰霜', '冰霜', 'https://render.worldofwarcraft.com/eu/icons/56/spell_frost_frostbolt02.jpg', 8, 1),
(65, 'Heilig', 'Holy', 'Holy', 'Sagrado', 'Sagrado', 'Sacré', 'Sacro', '신성', 'Sagrado', 'Свет', '神圣', '神聖', 'https://render.worldofwarcraft.com/eu/icons/56/spell_holy_holybolt.jpg', 2, 2),
(66, 'Schutz', 'Protection', 'Protection', 'Protección', 'Protección', 'Protection', 'Protezione', '보호', 'Proteção', 'Защита', '防护', '防護', 'https://render.worldofwarcraft.com/eu/icons/56/ability_paladin_shieldofthetemplar.jpg', 2, 3),
(70, 'Vergeltung', 'Retribution', 'Retribution', 'Reprensión', 'Reprensión', 'Vindicte', 'Castigo', '징벌', 'Retribuição', 'Воздаяние', '惩戒', '懲戒', 'https://render.worldofwarcraft.com/eu/icons/56/spell_holy_auraoflight.jpg', 2, 1),
(71, 'Waffen', 'Arms', 'Arms', 'Armas', 'Armas', 'Armes', 'Armi', '무기', 'Armas', 'Оружие', '武器', '武器', 'https://render.worldofwarcraft.com/eu/icons/56/ability_warrior_savageblow.jpg', 1, 1),
(72, 'Furor', 'Fury', 'Fury', 'Furia', 'Furia', 'Fureur', 'Furia', '분노', 'Fúria', 'Неистовство', '狂怒', '狂怒', 'https://render.worldofwarcraft.com/eu/icons/56/ability_warrior_innerrage.jpg', 1, 1),
(73, 'Schutz', 'Protection', 'Protection', 'Protección', 'Protección', 'Protection', 'Protezione', '방어', 'Proteção', 'Защита', '防护', '防護', 'https://render.worldofwarcraft.com/eu/icons/56/ability_warrior_defensivestance.jpg', 1, 3),
(102, 'Gleichgewicht', 'Balance', 'Balance', 'Equilibrio', 'Equilibrio', 'Équilibre', 'Equilibrio', '조화', 'Equilíbrio', 'Баланс', '平衡', '平衡', 'https://render.worldofwarcraft.com/eu/icons/56/spell_nature_starfall.jpg', 11, 1),
(103, 'Wildheit', 'Feral', 'Feral', 'Feral', 'Feral', 'Farouche', 'Aggressore Ferino', '야성', 'Feral', 'Сила зверя', '野性', '野性戰鬥', 'https://render.worldofwarcraft.com/eu/icons/56/ability_druid_catform.jpg', 11, 1),
(104, 'Wächter', 'Guardian', 'Guardian', 'Guardián', 'Guardián', 'Gardien', 'Guardiano Ferino', '수호', 'Guardião', 'Страж', '守护', '守護者', 'https://render.worldofwarcraft.com/eu/icons/56/ability_racial_bearform.jpg', 11, 3),
(105, 'Wiederherstellung', 'Restoration', 'Restoration', 'Restauración', 'Restauración', 'Restauration', 'Rigenerazione', '회복', 'Restauração', 'Исцеление', '恢复', '恢復', 'https://render.worldofwarcraft.com/eu/icons/56/spell_nature_healingtouch.jpg', 11, 2),
(250, 'Blut', 'Blood', 'Blood', 'Sangre', 'Sangre', 'Sang', 'Sangue', '혈기', 'Sangue', 'Кровь', '鲜血', '血魄', 'https://render.worldofwarcraft.com/eu/icons/56/spell_deathknight_bloodpresence.jpg', 6, 3),
(251, 'Frost', 'Frost', 'Frost', 'Escarcha', 'Escarcha', 'Givre', 'Gelo', '냉기', 'Gélido', 'Лед', '冰霜', '冰霜', 'https://render.worldofwarcraft.com/eu/icons/56/spell_deathknight_frostpresence.jpg', 6, 1),
(252, 'Unheilig', 'Unholy', 'Unholy', 'Profano', 'Profano', 'Impie', 'Empietà', '부정', 'Profano', 'Нечестивость', '邪恶', '穢邪', 'https://render.worldofwarcraft.com/eu/icons/56/spell_deathknight_unholypresence.jpg', 6, 1),
(253, 'Tierherrschaft', 'Beast Mastery', 'Beast Mastery', 'Bestias', 'Bestias', 'Maîtrise des bêtes', 'Affinità Animale', '야수', 'Domínio das Feras', 'Повелитель зверей', '野兽控制', '野獸控制', 'https://render.worldofwarcraft.com/eu/icons/56/ability_hunter_bestialdiscipline.jpg', 3, 1),
(254, 'Treffsicherheit', 'Marksmanship', 'Marksmanship', 'Puntería', 'Puntería', 'Précision', 'Precisione di Tiro', '사격', 'Precisão', 'Стрельба', '射击', '射擊', 'https://render.worldofwarcraft.com/eu/icons/56/ability_hunter_focusedaim.jpg', 3, 1),
(255, 'Überleben', 'Survival', 'Survival', 'Supervivencia', 'Supervivencia', 'Survie', 'Sopravvivenza', '생존', 'Sobrevivência', 'Выживание', '生存', '生存', 'https://render.worldofwarcraft.com/eu/icons/56/ability_hunter_camouflage.jpg', 3, 1),
(256, 'Disziplin', 'Discipline', 'Discipline', 'Disciplina', 'Disciplina', 'Discipline', 'Disciplina', '수양', 'Disciplina', 'Послушание', '戒律', '戒律', 'https://render.worldofwarcraft.com/eu/icons/56/spell_holy_powerwordshield.jpg', 5, 2),
(257, 'Heilig', 'Holy', 'Holy', 'Sagrado', 'Sagrado', 'Sacré', 'Sacro', '신성', 'Sagrado', 'Свет', '神圣', '神聖', 'https://render.worldofwarcraft.com/eu/icons/56/spell_holy_guardianspirit.jpg', 5, 2),
(258, 'Schatten', 'Shadow', 'Shadow', 'Sombra', 'Sombra', 'Ombre', 'Ombra', '암흑', 'Sombra', 'Тьма', '暗影', '暗影', 'https://render.worldofwarcraft.com/eu/icons/56/spell_shadow_shadowwordpain.jpg', 5, 1),
(259, 'Meucheln', 'Assassination', 'Assassination', 'Asesinato', 'Asesinato', 'Assassinat', 'Assassinio', '암살', 'Assassinato', 'Ликвидация', '奇袭', '刺殺', 'https://render.worldofwarcraft.com/eu/icons/56/ability_rogue_deadlybrew.jpg', 4, 1),
(260, 'Gesetzlosigkeit', 'Outlaw', 'Outlaw', 'Forajido', 'Forajido', 'Hors-la-loi', 'Fuorilegge', '무법', 'Fora da Lei', 'Головорез', '狂徒', '暴徒', 'https://render.worldofwarcraft.com/eu/icons/56/ability_rogue_waylay.jpg', 4, 1),
(261, 'Täuschung', 'Subtlety', 'Subtlety', 'Sutileza', 'Sutileza', 'Finesse', 'Scaltrezza', '잠행', 'Subterfúgio', 'Скрытность', '敏锐', '敏銳', 'https://render.worldofwarcraft.com/eu/icons/56/ability_stealth.jpg', 4, 1),
(262, 'Elementar', 'Elemental', 'Elemental', 'Elemental', 'Elemental', 'Élémentaire', 'Elementale', '정기', 'Elemental', 'Стихии', '元素', '元素', 'https://render.worldofwarcraft.com/eu/icons/56/spell_nature_lightning.jpg', 7, 1),
(263, 'Verstärkung', 'Enhancement', 'Enhancement', 'Mejora', 'Mejora', 'Amélioration', 'Potenziamento', '고양', 'Aperfeiçoamento', 'Совершенствование', '增强', '增強', 'https://render.worldofwarcraft.com/eu/icons/56/spell_shaman_improvedstormstrike.jpg', 7, 1),
(264, 'Wiederherstellung', 'Restoration', 'Restoration', 'Restauración', 'Restauración', 'Restauration', 'Rigenerazione', '복원', 'Restauração', 'Исцеление', '恢复', '恢復', 'https://render.worldofwarcraft.com/eu/icons/56/spell_nature_magicimmunity.jpg', 7, 2),
(265, 'Gebrechen', 'Affliction', 'Affliction', 'Aflicción', 'Aflicción', 'Affliction', 'Afflizione', '고통', 'Suplício', 'Колдовство', '痛苦', '痛苦', 'https://render.worldofwarcraft.com/eu/icons/56/spell_shadow_deathcoil.jpg', 9, 1),
(266, 'Dämonologie', 'Demonology', 'Demonology', 'Demonología', 'Demonología', 'Démonologie', 'Demonologia', '악마', 'Demonologia', 'Демонология', '恶魔学识', '惡魔學識', 'https://render.worldofwarcraft.com/eu/icons/56/spell_shadow_metamorphosis.jpg', 9, 1),
(267, 'Zerstörung', 'Destruction', 'Destruction', 'Destrucción', 'Destrucción', 'Destruction', 'Distruzione', '파괴', 'Destruição', 'Разрушение', '毁灭', '毀滅', 'https://render.worldofwarcraft.com/eu/icons/56/spell_shadow_rainoffire.jpg', 9, 1),
(268, 'Braumeister', 'Brewmaster', 'Brewmaster', 'Maestro cervecero', 'Maestro cervecero', 'Maître brasseur', 'Mastro Birraio', '양조', 'Mestre Cervejeiro', 'Хмелевар', '酒仙', '釀酒', 'https://render.worldofwarcraft.com/eu/icons/56/spell_monk_brewmaster_spec.jpg', 10, 3),
(269, 'Windläufer', 'Windwalker', 'Windwalker', 'Viajero del viento', 'Viajero del viento', 'Marche-vent', 'Impeto', '풍운', 'Andarilho do Vento', 'Танцующий с ветром', '踏风', '御風', 'https://render.worldofwarcraft.com/eu/icons/56/spell_monk_windwalker_spec.jpg', 10, 1),
(270, 'Nebelwirker', 'Mistweaver', 'Mistweaver', 'Tejedor de niebla', 'Tejedor de niebla', 'Tisse-brume', 'Misticismo', '운무', 'Tecelão da Névoa', 'Ткач туманов', '织雾', '織霧', 'https://render.worldofwarcraft.com/eu/icons/56/spell_monk_mistweaver_spec.jpg', 10, 2),
(577, 'Verwüstung', 'Havoc', 'Havoc', 'Devastación', 'Caos', 'Dévastation', 'Rovina', '파멸', 'Devastação', 'Истребление', '浩劫', '災虐', 'https://render.worldofwarcraft.com/eu/icons/56/ability_demonhunter_specdps.jpg', 12, 1),
(581, 'Rachsucht', 'Vengeance', 'Vengeance', 'Venganza', 'Venganza', 'Vengeance', 'Vendetta', '복수', 'Vingança', 'Месть', '复仇', '復仇', 'https://render.worldofwarcraft.com/eu/icons/56/ability_demonhunter_spectank.jpg', 12, 3);

INSERT INTO `REALM_CATEGORY` (`ID`, `DE_DE`, `EN_GB`, `EN_US`, `ES_ES`, `ES_MX`, `FR_FR`, `IT_IT`, `KO_KR`, `PT_BR`, `RU_RU`, `ZH_CN`, `ZH_TW`, `SLUG`) VALUES
(1, 'Englisch', 'English', 'English', 'Inglés', 'Inglés', 'Anglais', 'Inglese', '영어', 'Inglês', 'Англ.', '英语', '英國', 'English'),
(2, 'Französisch', 'French', 'French', 'Francés', 'Francés', 'Français', 'Francese', '프랑스어', 'Francês', 'Франц.', '法语', '法國', 'French'),
(3, 'Deutsch', 'German', 'German', 'Alemán', 'Alemán', 'Allemand', 'Tedesco', '독일어', 'Alemão', 'Нем.', '德语', '德國', 'German'),
(4, 'Italienisch', 'Italian', 'Italian', 'Italiano', 'Italiano', 'Italien', 'Italiano', '이탈리아어', 'Italiano', 'Итальянск.', '意大利语', '義大利', 'Italian'),
(5, 'Spanisch', 'Spanish', 'Spanish', 'Español', 'Español', 'Espagnol', 'Spagnolo', '스페인어', 'Espanhol', 'Исп.', '西班牙语', '西班牙', 'Spanish'),
(6, 'Russisch', 'Russian', 'Russian', 'Ruso', 'Ruso', 'Russe', 'Russo', '러시아어', 'Russo', 'Русский', '俄语', '俄羅斯', 'Russian');

INSERT INTO `REALM_TYPE` (`ID`, `DE_DE`, `EN_GB`, `EN_US`, `ES_ES`, `ES_MX`, `FR_FR`, `IT_IT`, `KO_KR`, `PT_BR`, `RU_RU`, `ZH_CN`, `ZH_TW`, `TYPE`) VALUES
(1, 'Normal', 'Normal', 'Normal', 'Normal', 'Normal', 'Normal', 'Normale', '일반', 'Normal', 'Обычный', '普通', '一般', 'NORMAL'),
(2, 'Rollenspiel', 'Roleplaying', 'Roleplaying', 'Juego de rol', 'Juego de rol', 'JdR', 'Gioco di Ruolo', '롤플레이', 'Interpretação', 'Ролевой', '角色扮演', '角色扮演', 'RP');

INSERT INTO `REALMS` (`ID`, `DE_DE`, `EN_GB`, `EN_US`, `ES_ES`, `ES_MX`, `FR_FR`, `IT_IT`, `KO_KR`, `PT_BR`, `RU_RU`, `ZH_CN`, `ZH_TW`, `LOCALE`, `SLUG`, `TIMEZONE`, `REALM_CATEGORY_ID`, `REALM_TYPE_ID`) VALUES
(500, 'Aggramar', 'Aggramar', 'Aggramar', 'Aggramar', 'Aggramar', 'Aggramar', 'Aggramar', 'Aggramar', 'Aggramar', 'Aggramar', '阿格拉玛', '阿格拉瑪', 'enGB', 'aggramar', 'Europe/Paris', 1, 1),
(501, 'Arathor', 'Arathor', 'Arathor', 'Arathor', 'Arathor', 'Arathor', 'Arathor', 'Arathor', 'Arathor', 'Arathor', '阿拉索', '阿拉索', 'enGB', 'arathor', 'Europe/Paris', 1, 1),
(502, 'Aszune', 'Aszune', 'Aszune', 'Aszune', 'Aszune', 'Aszune', 'Aszune', 'Aszune', 'Aszune', 'Aszune', '艾苏恩', '亞斯隼', 'enGB', 'aszune', 'Europe/Paris', 1, 1),
(503, 'Azjol-Nerub', 'Azjol-Nerub', 'Azjol-Nerub', 'Azjol-Nerub', 'Azjol-Nerub', 'Azjol-Nerub', 'Azjol-Nerub', 'Azjol-Nerub', 'Azjol-Nerub', 'Azjol-Nerub', '蜘蛛王国', '阿茲歐-奈幽', 'enGB', 'azjolnerub', 'Europe/Paris', 1, 1),
(504, 'Bloodhoof', 'Bloodhoof', 'Bloodhoof', 'Bloodhoof', 'Bloodhoof', 'Bloodhoof', 'Bloodhoof', 'Bloodhoof', 'Bloodhoof', 'Bloodhoof', '凯恩血蹄', '血蹄', 'enGB', 'bloodhoof', 'Europe/Paris', 1, 1),
(505, 'Doomhammer', 'Doomhammer', 'Doomhammer', 'Doomhammer', 'Doomhammer', 'Doomhammer', 'Doomhammer', 'Doomhammer', 'Doomhammer', 'Doomhammer', '毁灭之锤', '末日錘', 'enGB', 'doomhammer', 'Europe/Paris', 1, 1),
(506, 'Draenor', 'Draenor', 'Draenor', 'Draenor', 'Draenor', 'Draenor', 'Draenor', 'Draenor', 'Draenor', 'Draenor', '德拉诺', '德拉諾', 'enGB', 'draenor', 'Europe/Paris', 1, 1),
(507, 'Dragonblight', 'Dragonblight', 'Dragonblight', 'Dragonblight', 'Dragonblight', 'Dragonblight', 'Dragonblight', 'Dragonblight', 'Dragonblight', 'Dragonblight', '龙骨平原', '龍骨荒野', 'enGB', 'dragonblight', 'Europe/Paris', 1, 1),
(508, 'Emerald Dream', 'Emerald Dream', 'Emerald Dream', 'Emerald Dream', 'Emerald Dream', 'Emerald Dream', 'Emerald Dream', 'Emerald Dream', 'Emerald Dream', 'Emerald Dream', '翡翠梦境', '翡翠夢境', 'enGB', 'emerald-dream', 'Europe/Paris', 1, 1),
(509, 'Garona', 'Garona', 'Garona', 'Garona', 'Garona', 'Garona', 'Garona', 'Garona', 'Garona', 'Garona', '迦罗娜', '迦羅娜', 'frFR', 'garona', 'Europe/Paris', 2, 1),
(510, 'Vol\'jin', 'Vol\'jin', 'Vol\'jin', 'Vol\'jin', 'Vol\'jin', 'Vol\'jin', 'Vol\'jin', 'Vol\'jin', 'Vol\'jin', 'Vol\'jin', '沃金', '沃金', 'frFR', 'voljin', 'Europe/Paris', 2, 1),
(511, 'Sunstrider', 'Sunstrider', 'Sunstrider', 'Sunstrider', 'Sunstrider', 'Sunstrider', 'Sunstrider', 'Sunstrider', 'Sunstrider', 'Sunstrider', '逐日者', '逐日者', 'enGB', 'sunstrider', 'Europe/Paris', 1, 1),
(512, 'Arak-arahm', 'Arak-arahm', 'Arak-arahm', 'Arak-arahm', 'Arak-arahm', 'Arak-arahm', 'Arak-arahm', 'Arak-arahm', 'Arak-arahm', 'Arak-arahm', '阿兰卡拉', '阿蘭卡拉', 'frFR', 'arakarahm', 'Europe/Paris', 2, 1),
(513, 'Twilight\'s Hammer', 'Twilight\'s Hammer', 'Twilight\'s Hammer', 'Twilight\'s Hammer', 'Twilight\'s Hammer', 'Twilight\'s Hammer', 'Twilight\'s Hammer', 'Twilight\'s Hammer', 'Twilight\'s Hammer', 'Twilight\'s Hammer', '暮光之锤', '暮光之錘', 'enGB', 'twilights-hammer', 'Europe/Paris', 1, 1),
(515, 'Zenedar', 'Zenedar', 'Zenedar', 'Zenedar', 'Zenedar', 'Zenedar', 'Zenedar', 'Zenedar', 'Zenedar', 'Zenedar', 'Zenedar', '奈達', 'enGB', 'zenedar', 'Europe/Paris', 1, 1),
(516, 'Forscherliga', 'Forscherliga', 'Forscherliga', 'Forscherliga', 'Forscherliga', 'Forscherliga', 'Forscherliga', 'Forscherliga', 'Forscherliga', 'Forscherliga', 'Forscherliga', '弗塞雷迦', 'deDE', 'forscherliga', 'Europe/Paris', 3, 2),
(517, 'Medivh', 'Medivh', 'Medivh', 'Medivh', 'Medivh', 'Medivh', 'Medivh', 'Medivh', 'Medivh', 'Medivh', '麦迪文', '麥迪文', 'frFR', 'medivh', 'Europe/Paris', 2, 1),
(518, 'Agamaggan', 'Agamaggan', 'Agamaggan', 'Agamaggan', 'Agamaggan', 'Agamaggan', 'Agamaggan', 'Agamaggan', 'Agamaggan', 'Agamaggan', '阿迦玛甘', '阿迦瑪甘', 'enGB', 'agamaggan', 'Europe/Paris', 1, 1),
(519, 'Al\'Akir', 'Al\'Akir', 'Al\'Akir', 'Al\'Akir', 'Al\'Akir', 'Al\'Akir', 'Al\'Akir', 'Al\'Akir', 'Al\'Akir', 'Al\'Akir', '奥拉基尔', '奧拉基爾', 'enGB', 'alakir', 'Europe/Paris', 1, 1),
(521, 'Bladefist', 'Bladefist', 'Bladefist', 'Bladefist', 'Bladefist', 'Bladefist', 'Bladefist', 'Bladefist', 'Bladefist', 'Bladefist', '利刃之拳', '刃拳', 'enGB', 'bladefist', 'Europe/Paris', 1, 1),
(522, 'Bloodscalp', 'Bloodscalp', 'Bloodscalp', 'Bloodscalp', 'Bloodscalp', 'Bloodscalp', 'Bloodscalp', 'Bloodscalp', 'Bloodscalp', 'Bloodscalp', '血顶', '血頂部族', 'enGB', 'bloodscalp', 'Europe/Paris', 1, 1),
(523, 'Burning Blade', 'Burning Blade', 'Burning Blade', 'Burning Blade', 'Burning Blade', 'Burning Blade', 'Burning Blade', 'Burning Blade', 'Burning Blade', 'Burning Blade', '燃烧之刃', '燃刃', 'enGB', 'burning-blade', 'Europe/Paris', 1, 1),
(524, 'Burning Legion', 'Burning Legion', 'Burning Legion', 'Burning Legion', 'Burning Legion', 'Burning Legion', 'Burning Legion', 'Burning Legion', 'Burning Legion', 'Burning Legion', '燃烧军团', '燃燒軍團', 'enGB', 'burning-legion', 'Europe/Paris', 1, 1),
(525, 'Crushridge', 'Crushridge', 'Crushridge', 'Crushridge', 'Crushridge', 'Crushridge', 'Crushridge', 'Crushridge', 'Crushridge', 'Crushridge', '破碎岭', '破碎之嶺', 'enGB', 'crushridge', 'Europe/Paris', 1, 1),
(526, 'Daggerspine', 'Daggerspine', 'Daggerspine', 'Daggerspine', 'Daggerspine', 'Daggerspine', 'Daggerspine', 'Daggerspine', 'Daggerspine', 'Daggerspine', '刺骨利刃', '刺脊部族', 'enGB', 'daggerspine', 'Europe/Paris', 1, 1),
(527, 'Deathwing', 'Deathwing', 'Deathwing', 'Deathwing', 'Deathwing', 'Deathwing', 'Deathwing', 'Deathwing', 'Deathwing', 'Deathwing', '死亡之翼', '死亡之翼', 'enGB', 'deathwing', 'Europe/Paris', 1, 1),
(528, 'Dragonmaw', 'Dragonmaw', 'Dragonmaw', 'Dragonmaw', 'Dragonmaw', 'Dragonmaw', 'Dragonmaw', 'Dragonmaw', 'Dragonmaw', 'Dragonmaw', '巨龙之吼', '龍喉', 'enGB', 'dragonmaw', 'Europe/Paris', 1, 1),
(529, 'Dunemaul', 'Dunemaul', 'Dunemaul', 'Dunemaul', 'Dunemaul', 'Dunemaul', 'Dunemaul', 'Dunemaul', 'Dunemaul', 'Dunemaul', '流沙之槌', '流沙之槌', 'enGB', 'dunemaul', 'Europe/Paris', 1, 1),
(531, 'Dethecus', 'Dethecus', 'Dethecus', 'Dethecus', 'Dethecus', 'Dethecus', 'Dethecus', 'Dethecus', 'Dethecus', 'Dethecus', 'Dethecus', '閃電之刃', 'deDE', 'dethecus', 'Europe/Paris', 3, 1),
(533, 'Sinstralis', 'Sinstralis', 'Sinstralis', 'Sinstralis', 'Sinstralis', 'Sinstralis', 'Sinstralis', 'Sinstralis', 'Sinstralis', 'Sinstralis', 'Sinstralis', '辛司特拉利斯', 'frFR', 'sinstralis', 'Europe/Paris', 2, 1),
(535, 'Durotan', 'Durotan', 'Durotan', 'Durotan', 'Durotan', 'Durotan', 'Durotan', 'Durotan', 'Durotan', 'Durotan', '杜隆坦', '杜洛坦', 'deDE', 'durotan', 'Europe/Paris', 3, 1),
(536, 'Argent Dawn', 'Argent Dawn', 'Argent Dawn', 'Argent Dawn', 'Argent Dawn', 'Argent Dawn', 'Argent Dawn', 'Argent Dawn', 'Argent Dawn', 'Argent Dawn', '银色黎明', '銀色黎明', 'enGB', 'argent-dawn', 'Europe/Paris', 1, 2),
(537, 'Kirin Tor', 'Kirin Tor', 'Kirin Tor', 'Kirin Tor', 'Kirin Tor', 'Kirin Tor', 'Kirin Tor', 'Kirin Tor', 'Kirin Tor', 'Kirin Tor', '肯瑞托', '祈倫托', 'frFR', 'kirin-tor', 'Europe/Paris', 2, 2),
(538, 'Dalaran', 'Dalaran', 'Dalaran', 'Dalaran', 'Dalaran', 'Dalaran', 'Dalaran', 'Dalaran', 'Dalaran', 'Dalaran', '达拉然', '達拉然', 'frFR', 'dalaran', 'Europe/Paris', 2, 1),
(539, 'Archimonde', 'Archimonde', 'Archimonde', 'Archimonde', 'Archimonde', 'Archimonde', 'Archimonde', 'Archimonde', 'Archimonde', 'Archimonde', '阿克蒙德', '阿克蒙德', 'frFR', 'archimonde', 'Europe/Paris', 2, 1),
(540, 'Elune', 'Elune', 'Elune', 'Elune', 'Elune', 'Elune', 'Elune', 'Elune', 'Elune', 'Elune', '艾露恩', '伊露恩', 'frFR', 'elune', 'Europe/Paris', 2, 1),
(541, 'Illidan', 'Illidan', 'Illidan', 'Illidan', 'Illidan', 'Illidan', 'Illidan', 'Illidan', 'Illidan', 'Illidan', '伊利丹', '伊利丹', 'frFR', 'illidan', 'Europe/Paris', 2, 1),
(542, 'Hyjal', 'Hyjal', 'Hyjal', 'Hyjal', 'Hyjal', 'Hyjal', 'Hyjal', 'Hyjal', 'Hyjal', 'Hyjal', '海加尔', '海加爾山', 'frFR', 'hyjal', 'Europe/Paris', 2, 1),
(543, 'Kael\'thas', 'Kael\'thas', 'Kael\'thas', 'Kael\'thas', 'Kael\'thas', 'Kael\'thas', 'Kael\'thas', 'Kael\'thas', 'Kael\'thas', 'Kael\'thas', '凯尔萨斯', '凱爾薩斯', 'frFR', 'kaelthas', 'Europe/Paris', 2, 1),
(544, 'Ner\'zhul', 'Ner\'zhul', 'Ner\'zhul', 'Ner\'zhul', 'Ner\'zhul', 'Ner\'zhul', 'Ner\'zhul', 'Ner\'zhul', 'Ner\'zhul', 'Ner\'zhul', '耐奥祖', '耐祖奧', 'frFR', 'nerzhul', 'Europe/Paris', 2, 1),
(545, 'Cho\'gall', 'Cho\'gall', 'Cho\'gall', 'Cho\'gall', 'Cho\'gall', 'Cho\'gall', 'Cho\'gall', 'Cho\'gall', 'Cho\'gall', 'Cho\'gall', '古加尔', '丘加利', 'frFR', 'chogall', 'Europe/Paris', 2, 1),
(546, 'Sargeras', 'Sargeras', 'Sargeras', 'Sargeras', 'Sargeras', 'Sargeras', 'Sargeras', 'Sargeras', 'Sargeras', 'Sargeras', '萨格拉斯', '薩格拉斯', 'frFR', 'sargeras', 'Europe/Paris', 2, 1),
(547, 'Runetotem', 'Runetotem', 'Runetotem', 'Runetotem', 'Runetotem', 'Runetotem', 'Runetotem', 'Runetotem', 'Runetotem', 'Runetotem', '符文图腾', '符文圖騰', 'enGB', 'runetotem', 'Europe/Paris', 1, 1),
(548, 'Shadowsong', 'Shadowsong', 'Shadowsong', 'Shadowsong', 'Shadowsong', 'Shadowsong', 'Shadowsong', 'Shadowsong', 'Shadowsong', 'Shadowsong', '影歌', '影歌', 'enGB', 'shadowsong', 'Europe/Paris', 1, 1),
(549, 'Silvermoon', 'Silvermoon', 'Silvermoon', 'Silvermoon', 'Silvermoon', 'Silvermoon', 'Silvermoon', 'Silvermoon', 'Silvermoon', 'Silvermoon', '银月', '銀月', 'enGB', 'silvermoon', 'Europe/Paris', 1, 1),
(550, 'Stormrage', 'Stormrage', 'Stormrage', 'Stormrage', 'Stormrage', 'Stormrage', 'Stormrage', 'Stormrage', 'Stormrage', 'Stormrage', '风暴之怒', '怒風', 'enGB', 'stormrage', 'Europe/Paris', 1, 1),
(551, 'Terenas', 'Terenas', 'Terenas', 'Terenas', 'Terenas', 'Terenas', 'Terenas', 'Terenas', 'Terenas', 'Terenas', '泰瑞纳斯', '泰瑞納斯', 'enGB', 'terenas', 'Europe/Paris', 1, 1),
(552, 'Thunderhorn', 'Thunderhorn', 'Thunderhorn', 'Thunderhorn', 'Thunderhorn', 'Thunderhorn', 'Thunderhorn', 'Thunderhorn', 'Thunderhorn', 'Thunderhorn', '雷霆号角', '雷角', 'enGB', 'thunderhorn', 'Europe/Paris', 1, 1),
(553, 'Turalyon', 'Turalyon', 'Turalyon', 'Turalyon', 'Turalyon', 'Turalyon', 'Turalyon', 'Turalyon', 'Turalyon', 'Turalyon', '图拉扬', '圖拉揚', 'enGB', 'turalyon', 'Europe/Paris', 1, 1),
(554, 'Ravencrest', 'Ravencrest', 'Ravencrest', 'Ravencrest', 'Ravencrest', 'Ravencrest', 'Ravencrest', 'Ravencrest', 'Ravencrest', 'Ravencrest', '拉文凯斯', '黑羽', 'enGB', 'ravencrest', 'Europe/Paris', 1, 1),
(556, 'Shattered Hand', 'Shattered Hand', 'Shattered Hand', 'Shattered Hand', 'Shattered Hand', 'Shattered Hand', 'Shattered Hand', 'Shattered Hand', 'Shattered Hand', 'Shattered Hand', '碎手', '破碎之手', 'enGB', 'shattered-hand', 'Europe/Paris', 1, 1),
(557, 'Skullcrusher', 'Skullcrusher', 'Skullcrusher', 'Skullcrusher', 'Skullcrusher', 'Skullcrusher', 'Skullcrusher', 'Skullcrusher', 'Skullcrusher', 'Skullcrusher', '碎颅者', '碎顱氏族', 'enGB', 'skullcrusher', 'Europe/Paris', 1, 1),
(558, 'Spinebreaker', 'Spinebreaker', 'Spinebreaker', 'Spinebreaker', 'Spinebreaker', 'Spinebreaker', 'Spinebreaker', 'Spinebreaker', 'Spinebreaker', 'Spinebreaker', '断背', '斷脊氏族', 'enGB', 'spinebreaker', 'Europe/Paris', 1, 1),
(559, 'Stormreaver', 'Stormreaver', 'Stormreaver', 'Stormreaver', 'Stormreaver', 'Stormreaver', 'Stormreaver', 'Stormreaver', 'Stormreaver', 'Stormreaver', '风暴裂隙', '暴掠氏族', 'enGB', 'stormreaver', 'Europe/Paris', 1, 1),
(560, 'Stormscale', 'Stormscale', 'Stormscale', 'Stormscale', 'Stormscale', 'Stormscale', 'Stormscale', 'Stormscale', 'Stormscale', 'Stormscale', '风暴之鳞', '雷鱗', 'enGB', 'stormscale', 'Europe/Paris', 1, 1),
(561, 'Earthen Ring', 'Earthen Ring', 'Earthen Ring', 'Earthen Ring', 'Earthen Ring', 'Earthen Ring', 'Earthen Ring', 'Earthen Ring', 'Earthen Ring', 'Earthen Ring', '大地之环', '陶土議會', 'enGB', 'earthen-ring', 'Europe/Paris', 1, 2),
(562, 'Alexstrasza', 'Alexstrasza', 'Alexstrasza', 'Alexstrasza', 'Alexstrasza', 'Alexstrasza', 'Alexstrasza', 'Alexstrasza', 'Alexstrasza', 'Alexstrasza', '红龙女王', '雅立史卓莎', 'deDE', 'alexstrasza', 'Europe/Paris', 3, 1),
(563, 'Alleria', 'Alleria', 'Alleria', 'Alleria', 'Alleria', 'Alleria', 'Alleria', 'Alleria', 'Alleria', 'Alleria', '奥蕾莉亚', '艾蘭里亞', 'deDE', 'alleria', 'Europe/Paris', 3, 1),
(564, 'Antonidas', 'Antonidas', 'Antonidas', 'Antonidas', 'Antonidas', 'Antonidas', 'Antonidas', 'Antonidas', 'Antonidas', 'Antonidas', '安东尼达斯', '安東尼達斯', 'deDE', 'antonidas', 'Europe/Paris', 3, 1),
(565, 'Baelgun', 'Baelgun', 'Baelgun', 'Baelgun', 'Baelgun', 'Baelgun', 'Baelgun', 'Baelgun', 'Baelgun', 'Baelgun', '巴尔古恩', '巴爾古恩', 'deDE', 'baelgun', 'Europe/Paris', 3, 1),
(566, 'Blackhand', 'Blackhand', 'Blackhand', 'Blackhand', 'Blackhand', 'Blackhand', 'Blackhand', 'Blackhand', 'Blackhand', 'Blackhand', '黑手军团', '黑手氏族', 'deDE', 'blackhand', 'Europe/Paris', 3, 1),
(567, 'Gilneas', 'Gilneas', 'Gilneas', 'Gilneas', 'Gilneas', 'Gilneas', 'Gilneas', 'Gilneas', 'Gilneas', 'Gilneas', '吉尔尼斯', '吉爾尼斯', 'deDE', 'gilneas', 'Europe/Paris', 3, 1),
(568, 'Kargath', 'Kargath', 'Kargath', 'Kargath', 'Kargath', 'Kargath', 'Kargath', 'Kargath', 'Kargath', 'Kargath', '卡格斯', '卡加斯', 'deDE', 'kargath', 'Europe/Paris', 3, 1),
(569, 'Khaz\'goroth', 'Khaz\'goroth', 'Khaz\'goroth', 'Khaz\'goroth', 'Khaz\'goroth', 'Khaz\'goroth', 'Khaz\'goroth', 'Khaz\'goroth', 'Khaz\'goroth', 'Khaz\'goroth', '卡兹格罗斯', '卡茲格羅斯', 'deDE', 'khazgoroth', 'Europe/Paris', 3, 1),
(570, 'Lothar', 'Lothar', 'Lothar', 'Lothar', 'Lothar', 'Lothar', 'Lothar', 'Lothar', 'Lothar', 'Lothar', '洛萨', '洛薩', 'deDE', 'lothar', 'Europe/Paris', 3, 1),
(571, 'Madmortem', 'Madmortem', 'Madmortem', 'Madmortem', 'Madmortem', 'Madmortem', 'Madmortem', 'Madmortem', 'Madmortem', 'Madmortem', 'Madmortem', '麥德摩迪', 'deDE', 'madmortem', 'Europe/Paris', 3, 1),
(572, 'Malfurion', 'Malfurion', 'Malfurion', 'Malfurion', 'Malfurion', 'Malfurion', 'Malfurion', 'Malfurion', 'Malfurion', 'Malfurion', '玛法里奥', '瑪法里恩', 'deDE', 'malfurion', 'Europe/Paris', 3, 1),
(573, 'Zuluhed', 'Zuluhed', 'Zuluhed', 'Zuluhed', 'Zuluhed', 'Zuluhed', 'Zuluhed', 'Zuluhed', 'Zuluhed', 'Zuluhed', '祖鲁希德', '祖魯希德', 'deDE', 'zuluhed', 'Europe/Paris', 3, 1),
(574, 'Nozdormu', 'Nozdormu', 'Nozdormu', 'Nozdormu', 'Nozdormu', 'Nozdormu', 'Nozdormu', 'Nozdormu', 'Nozdormu', 'Nozdormu', '诺滋多姆', '諾茲多姆', 'deDE', 'nozdormu', 'Europe/Paris', 3, 1),
(575, 'Perenolde', 'Perenolde', 'Perenolde', 'Perenolde', 'Perenolde', 'Perenolde', 'Perenolde', 'Perenolde', 'Perenolde', 'Perenolde', '匹瑞诺德', '匹瑞諾德', 'deDE', 'perenolde', 'Europe/Paris', 3, 1),
(576, 'Die Silberne Hand', 'Die Silberne Hand', 'Die Silberne Hand', 'Die Silberne Hand', 'Die Silberne Hand', 'Die Silberne Hand', 'Die Silberne Hand', 'Die Silberne Hand', 'Die Silberne Hand', 'Die Silberne Hand', 'Die Silberne Hand', '白銀之手', 'deDE', 'die-silberne-hand', 'Europe/Paris', 3, 2),
(577, 'Aegwynn', 'Aegwynn', 'Aegwynn', 'Aegwynn', 'Aegwynn', 'Aegwynn', 'Aegwynn', 'Aegwynn', 'Aegwynn', 'Aegwynn', '艾格文', '艾格文', 'deDE', 'aegwynn', 'Europe/Paris', 3, 1),
(578, 'Arthas', 'Arthas', 'Arthas', 'Arthas', 'Arthas', 'Arthas', 'Arthas', 'Arthas', 'Arthas', 'Arthas', '阿尔萨斯', '阿薩斯', 'deDE', 'arthas', 'Europe/Paris', 3, 1),
(579, 'Azshara', 'Azshara', 'Azshara', 'Azshara', 'Azshara', 'Azshara', 'Azshara', 'Azshara', 'Azshara', 'Azshara', '艾萨拉', '艾薩拉', 'deDE', 'azshara', 'Europe/Paris', 3, 1),
(580, 'Blackmoore', 'Blackmoore', 'Blackmoore', 'Blackmoore', 'Blackmoore', 'Blackmoore', 'Blackmoore', 'Blackmoore', 'Blackmoore', 'Blackmoore', '布莱克摩', '布萊克摩爾', 'deDE', 'blackmoore', 'Europe/Paris', 3, 1),
(581, 'Blackrock', 'Blackrock', 'Blackrock', 'Blackrock', 'Blackrock', 'Blackrock', 'Blackrock', 'Blackrock', 'Blackrock', 'Blackrock', '黑石尖塔', '黑石氏族', 'deDE', 'blackrock', 'Europe/Paris', 3, 1),
(582, 'Destromath', 'Destromath', 'Destromath', 'Destromath', 'Destromath', 'Destromath', 'Destromath', 'Destromath', 'Destromath', 'Destromath', '迪托马斯', '代斯特麥斯', 'deDE', 'destromath', 'Europe/Paris', 3, 1),
(583, 'Eredar', 'Eredar', 'Eredar', 'Eredar', 'Eredar', 'Eredar', 'Eredar', 'Eredar', 'Eredar', 'Eredar', '埃雷达尔', '埃雷達爾', 'deDE', 'eredar', 'Europe/Paris', 3, 1),
(584, 'Frostmourne', 'Frostmourne', 'Frostmourne', 'Frostmourne', 'Frostmourne', 'Frostmourne', 'Frostmourne', 'Frostmourne', 'Frostmourne', 'Frostmourne', '霜之哀伤', '霜之哀傷', 'deDE', 'frostmourne', 'Europe/Paris', 3, 1),
(585, 'Frostwolf', 'Frostwolf', 'Frostwolf', 'Frostwolf', 'Frostwolf', 'Frostwolf', 'Frostwolf', 'Frostwolf', 'Frostwolf', 'Frostwolf', '霜狼', '霜狼', 'deDE', 'frostwolf', 'Europe/Paris', 3, 1),
(586, 'Gorgonnash', 'Gorgonnash', 'Gorgonnash', 'Gorgonnash', 'Gorgonnash', 'Gorgonnash', 'Gorgonnash', 'Gorgonnash', 'Gorgonnash', 'Gorgonnash', '戈古纳斯', '戈古納斯', 'deDE', 'gorgonnash', 'Europe/Paris', 3, 1),
(587, 'Gul\'dan', 'Gul\'dan', 'Gul\'dan', 'Gul\'dan', 'Gul\'dan', 'Gul\'dan', 'Gul\'dan', 'Gul\'dan', 'Gul\'dan', 'Gul\'dan', '古尔丹', '古爾丹', 'deDE', 'guldan', 'Europe/Paris', 3, 1),
(588, 'Kel\'Thuzad', 'Kel\'Thuzad', 'Kel\'Thuzad', 'Kel\'Thuzad', 'Kel\'Thuzad', 'Kel\'Thuzad', 'Kel\'Thuzad', 'Kel\'Thuzad', 'Kel\'Thuzad', 'Kel\'Thuzad', '克尔苏加德', '科爾蘇加德', 'deDE', 'kelthuzad', 'Europe/Paris', 3, 1),
(589, 'Kil\'jaeden', 'Kil\'jaeden', 'Kil\'jaeden', 'Kil\'jaeden', 'Kil\'jaeden', 'Kil\'jaeden', 'Kil\'jaeden', 'Kil\'jaeden', 'Kil\'jaeden', 'Kil\'jaeden', '基尔加丹', '基爾加丹', 'deDE', 'kiljaeden', 'Europe/Paris', 3, 1),
(590, 'Mal\'Ganis', 'Mal\'Ganis', 'Mal\'Ganis', 'Mal\'Ganis', 'Mal\'Ganis', 'Mal\'Ganis', 'Mal\'Ganis', 'Mal\'Ganis', 'Mal\'Ganis', 'Mal\'Ganis', '梅尔加尼', '瑪爾加尼斯', 'deDE', 'malganis', 'Europe/Paris', 3, 1),
(591, 'Mannoroth', 'Mannoroth', 'Mannoroth', 'Mannoroth', 'Mannoroth', 'Mannoroth', 'Mannoroth', 'Mannoroth', 'Mannoroth', 'Mannoroth', '玛诺洛斯', '瑪諾洛斯', 'deDE', 'mannoroth', 'Europe/Paris', 3, 1),
(592, 'Zirkel des Cenarius', 'Zirkel des Cenarius', 'Zirkel des Cenarius', 'Zirkel des Cenarius', 'Zirkel des Cenarius', 'Zirkel des Cenarius', 'Zirkel des Cenarius', 'Zirkel des Cenarius', 'Zirkel des Cenarius', 'Zirkel des Cenarius', 'Zirkel des Cenarius', 'Zirkel des Cenarius', 'deDE', 'zirkel-des-cenarius', 'Europe/Paris', 3, 2),
(593, 'Proudmoore', 'Proudmoore', 'Proudmoore', 'Proudmoore', 'Proudmoore', 'Proudmoore', 'Proudmoore', 'Proudmoore', 'Proudmoore', 'Proudmoore', '普罗德摩', '普勞德摩爾', 'deDE', 'proudmoore', 'Europe/Paris', 3, 1),
(594, 'Nathrezim', 'Nathrezim', 'Nathrezim', 'Nathrezim', 'Nathrezim', 'Nathrezim', 'Nathrezim', 'Nathrezim', 'Nathrezim', 'Nathrezim', '纳斯雷兹姆', '納斯雷茲姆', 'deDE', 'nathrezim', 'Europe/Paris', 3, 1),
(600, 'Dun Morogh', 'Dun Morogh', 'Dun Morogh', 'Dun Morogh', 'Dun Morogh', 'Dun Morogh', 'Dun Morogh', 'Dun Morogh', 'Dun Morogh', 'Dun Morogh', '丹莫罗', '丹莫洛', 'deDE', 'dun-morogh', 'Europe/Paris', 3, 1),
(601, 'Aman\'thul', 'Aman\'Thul', 'Aman\'Thul', 'Aman\'thul', 'Aman\'Thul', 'Aman\'Thul', 'Aman\'Thul', 'Aman\'Thul', 'Aman\'Thul', 'Aman\'Thul', '阿曼苏尔', '阿曼蘇爾', 'deDE', 'amanthul', 'Europe/Paris', 3, 1),
(602, 'Sen\'jin', 'Sen\'jin', 'Sen\'jin', 'Sen\'jin', 'Sen\'jin', 'Sen\'jin', 'Sen\'jin', 'Sen\'jin', 'Sen\'jin', 'Sen\'jin', '森金', '森金', 'deDE', 'senjin', 'Europe/Paris', 3, 1),
(604, 'Thrall', 'Thrall', 'Thrall', 'Thrall', 'Thrall', 'Thrall', 'Thrall', 'Thrall', 'Thrall', 'Thrall', '萨尔', '索爾', 'deDE', 'thrall', 'Europe/Paris', 3, 1),
(605, 'Theradras', 'Theradras', 'Theradras', 'Theradras', 'Theradras', 'Theradras', 'Theradras', 'Theradras', 'Theradras', 'Theradras', '瑟莱德丝', '瑟萊德絲', 'deDE', 'theradras', 'Europe/Paris', 3, 1),
(606, 'Genjuros', 'Genjuros', 'Genjuros', 'Genjuros', 'Genjuros', 'Genjuros', 'Genjuros', 'Genjuros', 'Genjuros', 'Genjuros', 'Genjuros', '洛克漢', 'enGB', 'genjuros', 'Europe/Paris', 1, 1),
(607, 'Balnazzar', 'Balnazzar', 'Balnazzar', 'Balnazzar', 'Balnazzar', 'Balnazzar', 'Balnazzar', 'Balnazzar', 'Balnazzar', 'Balnazzar', '巴纳扎尔', '巴納札爾', 'enGB', 'balnazzar', 'Europe/Paris', 1, 1),
(608, 'Anub\'arak', 'Anub\'arak', 'Anub\'arak', 'Anub\'arak', 'Anub\'arak', 'Anub\'arak', 'Anub\'arak', 'Anub\'arak', 'Anub\'arak', 'Anub\'arak', '阿努巴拉克', '阿努巴拉克', 'deDE', 'anubarak', 'Europe/Paris', 3, 1),
(609, 'Wrathbringer', 'Wrathbringer', 'Wrathbringer', 'Wrathbringer', 'Wrathbringer', 'Wrathbringer', 'Wrathbringer', 'Wrathbringer', 'Wrathbringer', 'Wrathbringer', '天罚使者', '憤怒使者', 'deDE', 'wrathbringer', 'Europe/Paris', 3, 1),
(610, 'Onyxia', 'Onyxia', 'Onyxia', 'Onyxia', 'Onyxia', 'Onyxia', 'Onyxia', 'Onyxia', 'Onyxia', 'Onyxia', '奥妮克希亚', '奧妮克希亞', 'deDE', 'onyxia', 'Europe/Paris', 3, 1),
(611, 'Nera\'thor', 'Nera\'thor', 'Nera\'thor', 'Nera\'thor', 'Nera\'thor', 'Nera\'thor', 'Nera\'thor', 'Nera\'thor', 'Nera\'thor', 'Nera\'thor', 'Nera\'thor', '奈拉索爾', 'deDE', 'nerathor', 'Europe/Paris', 3, 1),
(612, 'Nefarian', 'Nefarian', 'Nefarian', 'Nefarian', 'Nefarian', 'Nefarian', 'Nefarian', 'Nefarian', 'Nefarian', 'Nefarian', '奈法利安', '奈法利安', 'deDE', 'nefarian', 'Europe/Paris', 3, 1),
(613, 'Kult der Verdammten', 'Kult der Verdammten', 'Kult der Verdammten', 'Kult der Verdammten', 'Kult der Verdammten', 'Kult der Verdammten', 'Kult der Verdammten', 'Kult der Verdammten', 'Kult der Verdammten', 'Kult der Verdammten', 'Kult der Verdammten', 'Kult der Verdammten', 'deDE', 'kult-der-verdammten', 'Europe/Paris', 3, 2),
(614, 'Das Syndikat', 'Das Syndikat', 'Das Syndikat', 'Das Syndikat', 'Das Syndikat', 'Das Syndikat', 'Das Syndikat', 'Das Syndikat', 'Das Syndikat', 'Das Syndikat', 'Das Syndikat', 'Das Syndikat', 'deDE', 'das-syndikat', 'Europe/Paris', 3, 2),
(615, 'Terrordar', 'Terrordar', 'Terrordar', 'Terrordar', 'Terrordar', 'Terrordar', 'Terrordar', 'Terrordar', 'Terrordar', 'Terrordar', '泰罗达尔', '泰洛達', 'deDE', 'terrordar', 'Europe/Paris', 3, 1),
(616, 'Krag\'jin', 'Krag\'jin', 'Krag\'jin', 'Krag\'jin', 'Krag\'jin', 'Krag\'jin', 'Krag\'jin', 'Krag\'jin', 'Krag\'jin', 'Krag\'jin', 'Krag\'jin', '克雷金', 'deDE', 'kragjin', 'Europe/Paris', 3, 1),
(617, 'Der Rat von Dalaran', 'Der Rat von Dalaran', 'Der Rat von Dalaran', 'Der Rat von Dalaran', 'Der Rat von Dalaran', 'Der Rat von Dalaran', 'Der Rat von Dalaran', 'Der Rat von Dalaran', 'Der Rat von Dalaran', 'Der Rat von Dalaran', 'Der Rat von Dalaran', 'Der Rat von Dalaran', 'deDE', 'der-rat-von-dalaran', 'Europe/Paris', 3, 2),
(618, 'Nordrassil', 'Nordrassil', 'Nordrassil', 'Nordrassil', 'Nordrassil', 'Nordrassil', 'Nordrassil', 'Nordrassil', 'Nordrassil', 'Nordrassil', '诺达希尔', '諾達希爾', 'enGB', 'nordrassil', 'Europe/Paris', 1, 1),
(619, 'Hellscream', 'Hellscream', 'Hellscream', 'Hellscream', 'Hellscream', 'Hellscream', 'Hellscream', 'Hellscream', 'Hellscream', 'Hellscream', '地狱咆哮', '地獄吼', 'enGB', 'hellscream', 'Europe/Paris', 1, 1),
(621, 'Laughing Skull', 'Laughing Skull', 'Laughing Skull', 'Laughing Skull', 'Laughing Skull', 'Laughing Skull', 'Laughing Skull', 'Laughing Skull', 'Laughing Skull', 'Laughing Skull', '嘲颅', '獰笑骷髏', 'enGB', 'laughing-skull', 'Europe/Paris', 1, 1),
(622, 'Magtheridon', 'Magtheridon', 'Magtheridon', 'Magtheridon', 'Magtheridon', 'Magtheridon', 'Magtheridon', 'Magtheridon', 'Magtheridon', 'Magtheridon', '玛瑟里顿', '瑪瑟里頓', 'enGB', 'magtheridon', 'Europe/Paris', 1, 1),
(623, 'Quel\'Thalas', 'Quel\'Thalas', 'Quel\'Thalas', 'Quel\'Thalas', 'Quel\'Thalas', 'Quel\'Thalas', 'Quel\'Thalas', 'Quel\'Thalas', 'Quel\'Thalas', 'Quel\'Thalas', '奎尔萨拉斯', '奎爾薩拉斯', 'enGB', 'quelthalas', 'Europe/Paris', 1, 1),
(624, 'Neptulon', 'Neptulon', 'Neptulon', 'Neptulon', 'Neptulon', 'Neptulon', 'Neptulon', 'Neptulon', 'Neptulon', 'Neptulon', '耐普图隆', '奈普圖隆', 'enGB', 'neptulon', 'Europe/Paris', 1, 1),
(625, 'Twisting Nether', 'Twisting Nether', 'Twisting Nether', 'Twisting Nether', 'Twisting Nether', 'Twisting Nether', 'Twisting Nether', 'Twisting Nether', 'Twisting Nether', 'Twisting Nether', '黑暗虚空', '扭曲虛空', 'enGB', 'twisting-nether', 'Europe/Paris', 1, 1),
(626, 'Ragnaros', 'Ragnaros', 'Ragnaros', 'Ragnaros', 'Ragnaros', 'Ragnaros', 'Ragnaros', 'Ragnaros', 'Ragnaros', 'Ragnaros', '拉格纳罗斯', '拉格納羅斯', 'enGB', 'ragnaros', 'Europe/Paris', 1, 1),
(627, 'The Maelstrom', 'The Maelstrom', 'The Maelstrom', 'The Maelstrom', 'The Maelstrom', 'The Maelstrom', 'The Maelstrom', 'The Maelstrom', 'The Maelstrom', 'The Maelstrom', '大漩涡', '大漩渦', 'enGB', 'the-maelstrom', 'Europe/Paris', 1, 1),
(628, 'Sylvanas', 'Sylvanas', 'Sylvanas', 'Sylvanas', 'Sylvanas', 'Sylvanas', 'Sylvanas', 'Sylvanas', 'Sylvanas', 'Sylvanas', '希尔瓦娜斯', '希瓦娜斯', 'enGB', 'sylvanas', 'Europe/Paris', 1, 1),
(629, 'Vashj', 'Vashj', 'Vashj', 'Vashj', 'Vashj', 'Vashj', 'Vashj', 'Vashj', 'Vashj', 'Vashj', '瓦丝琪', '瓦許', 'enGB', 'vashj', 'Europe/Paris', 1, 1),
(630, 'Bloodfeather', 'Bloodfeather', 'Bloodfeather', 'Bloodfeather', 'Bloodfeather', 'Bloodfeather', 'Bloodfeather', 'Bloodfeather', 'Bloodfeather', 'Bloodfeather', '血羽', '血羽', 'enGB', 'bloodfeather', 'Europe/Paris', 1, 1),
(631, 'Darksorrow', 'Darksorrow', 'Darksorrow', 'Darksorrow', 'Darksorrow', 'Darksorrow', 'Darksorrow', 'Darksorrow', 'Darksorrow', 'Darksorrow', 'Darksorrow', '暗悲', 'enGB', 'darksorrow', 'Europe/Paris', 1, 1),
(632, 'Frostwhisper', 'Frostwhisper', 'Frostwhisper', 'Frostwhisper', 'Frostwhisper', 'Frostwhisper', 'Frostwhisper', 'Frostwhisper', 'Frostwhisper', 'Frostwhisper', '霜语', '霜語', 'enGB', 'frostwhisper', 'Europe/Paris', 1, 1),
(633, 'Kor\'gall', 'Kor\'gall', 'Kor\'gall', 'Kor\'gall', 'Kor\'gall', 'Kor\'gall', 'Kor\'gall', 'Kor\'gall', 'Kor\'gall', 'Kor\'gall', '考戈尔', '寇加爾', 'enGB', 'korgall', 'Europe/Paris', 1, 1),
(635, 'Defias Brotherhood', 'Defias Brotherhood', 'Defias Brotherhood', 'Defias Brotherhood', 'Defias Brotherhood', 'Defias Brotherhood', 'Defias Brotherhood', 'Defias Brotherhood', 'Defias Brotherhood', 'Defias Brotherhood', '迪菲亚兄弟会', '迪菲亞兄弟會', 'enGB', 'defias-brotherhood', 'Europe/Paris', 1, 2),
(636, 'The Venture Co', 'The Venture Co', 'The Venture Co', 'The Venture Co', 'The Venture Co', 'The Venture Co', 'The Venture Co', 'The Venture Co.', 'The Venture Co', 'The Venture Co', 'The Venture Co', '風險投資公司', 'enGB', 'the-venture-co', 'Europe/Paris', 1, 2),
(637, 'Lightning\'s Blade', 'Lightning\'s Blade', 'Lightning\'s Blade', 'Lightning\'s Blade', 'Lightning\'s Blade', 'Lightning\'s Blade', 'Lightning\'s Blade', 'Lightning\'s Blade', 'Lightning\'s Blade', 'Lightning\'s Blade', '闪电之刃', '閃電之刃', 'enGB', 'lightnings-blade', 'Europe/Paris', 1, 1),
(638, 'Haomarush', 'Haomarush', 'Haomarush', 'Haomarush', 'Haomarush', 'Haomarush', 'Haomarush', 'Haomarush', 'Haomarush', 'Haomarush', 'Haomarush', '哈姆魯什', 'enGB', 'haomarush', 'Europe/Paris', 1, 1),
(639, 'Xavius', 'Xavius', 'Xavius', 'Xavius', 'Xavius', 'Xavius', 'Xavius', 'Xavius', 'Xavius', 'Xavius', '萨维斯', '薩維斯', 'enGB', 'xavius', 'Europe/Paris', 1, 1),
(640, 'Khaz Modan', 'Khaz Modan', 'Khaz Modan', 'Khaz Modan', 'Khaz Modan', 'Khaz Modan', 'Khaz Modan', 'Khaz Modan', 'Khaz Modan', 'Khaz Modan', '卡兹莫丹', '卡茲莫丹', 'frFR', 'khaz-modan', 'Europe/Paris', 2, 1),
(641, 'Drek\'Thar', 'Drek\'Thar', 'Drek\'Thar', 'Drek\'Thar', 'Drek\'Thar', 'Drek\'Thar', 'Drek\'Thar', 'Drek\'Thar', 'Drek\'Thar', 'Drek\'Thar', '德雷克塔尔', '德雷克塔爾', 'frFR', 'drekthar', 'Europe/Paris', 2, 1),
(642, 'Rashgarroth', 'Rashgarroth', 'Rashgarroth', 'Rashgarroth', 'Rashgarroth', 'Rashgarroth', 'Rashgarroth', 'Rashgarroth', 'Rashgarroth', 'Rashgarroth', 'Rashgarroth', '瑞許加羅斯', 'frFR', 'rashgarroth', 'Europe/Paris', 2, 1),
(643, 'Throk\'Feroth', 'Throk\'Feroth', 'Throk\'Feroth', 'Throk\'Feroth', 'Throk\'Feroth', 'Throk\'Feroth', 'Throk\'Feroth', 'Throk\'Feroth', 'Throk\'Feroth', 'Throk\'Feroth', 'Throk\'Feroth', '索克費羅斯', 'frFR', 'throkferoth', 'Europe/Paris', 2, 1),
(644, 'Conseil des Ombres', 'Conseil des Ombres', 'Conseil des Ombres', 'Conseil des Ombres', 'Conseil des Ombres', 'Conseil des Ombres', 'Conseil des Ombres', 'Conseil des Ombres', 'Conseil des Ombres', 'Conseil des Ombres', 'Conseil des Ombres', 'Conseil des Ombres', 'frFR', 'conseil-des-ombres', 'Europe/Paris', 2, 2),
(645, 'Varimathras', 'Varimathras', 'Varimathras', 'Varimathras', 'Varimathras', 'Varimathras', 'Varimathras', 'Varimathras', 'Varimathras', 'Varimathras', '瓦里玛萨斯', '瓦里瑪薩斯', 'frFR', 'varimathras', 'Europe/Paris', 2, 1),
(646, 'Hakkar', 'Hakkar', 'Hakkar', 'Hakkar', 'Hakkar', 'Hakkar', 'Hakkar', 'Hakkar', 'Hakkar', 'Hakkar', '哈卡', '哈卡', 'enGB', 'hakkar', 'Europe/Paris', 1, 1),
(647, 'Les Sentinelles', 'Les Sentinelles', 'Les Sentinelles', 'Les Sentinelles', 'Les Sentinelles', 'Les Sentinelles', 'Les Sentinelles', 'Les Sentinelles', 'Les Sentinelles', 'Les Sentinelles', 'Les Sentinelles', 'Les Sentinelles', 'frFR', 'les-sentinelles', 'Europe/Paris', 2, 2),
(1080, 'Khadgar', 'Khadgar', 'Khadgar', 'Khadgar', 'Khadgar', 'Khadgar', 'Khadgar', 'Khadgar', 'Khadgar', 'Khadgar', '卡德加', '卡德加', 'enGB', 'khadgar', 'Europe/Paris', 1, 1),
(1081, 'Bronzebeard', 'Bronzebeard', 'Bronzebeard', 'Bronzebeard', 'Bronzebeard', 'Bronzebeard', 'Bronzebeard', 'Bronzebeard', 'Bronzebeard', 'Bronzebeard', '山丘之王', '銅鬚', 'enGB', 'bronzebeard', 'Europe/Paris', 1, 1),
(1082, 'Kul Tiras', 'Kul Tiras', 'Kul Tiras', 'Kul Tiras', 'Kul Tiras', 'Kul Tiras', 'Kul Tiras', 'Kul Tiras', 'Kul Tiras', 'Kul Tiras', '库尔提拉斯', '庫爾提拉斯', 'enGB', 'kul-tiras', 'Europe/Paris', 1, 1),
(1083, 'Chromaggus', 'Chromaggus', 'Chromaggus', 'Chromaggus', 'Chromaggus', 'Chromaggus', 'Chromaggus', 'Chromaggus', 'Chromaggus', 'Chromaggus', '克洛玛古斯', '克洛瑪古斯', 'enGB', 'chromaggus', 'Europe/Paris', 1, 1),
(1084, 'Dentarg', 'Dentarg', 'Dentarg', 'Dentarg', 'Dentarg', 'Dentarg', 'Dentarg', 'Dentarg', 'Dentarg', 'Dentarg', '丹塔格', '登塔格', 'enGB', 'dentarg', 'Europe/Paris', 1, 1),
(1085, 'Moonglade', 'Moonglade', 'Moonglade', 'Moonglade', 'Moonglade', 'Moonglade', 'Moonglade', 'Moonglade', 'Moonglade', 'Moonglade', '月光林地', '月光林地', 'enGB', 'moonglade', 'Europe/Paris', 1, 2),
(1086, 'La Croisade écarlate', 'La Croisade écarlate', 'La Croisade écarlate', 'La Croisade écarlate', 'La Croisade écarlate', 'La Croisade écarlate', 'La Croisade écarlate', 'La Croisade écarlate', 'La Croisade écarlate', 'La Croisade écarlate', 'La Croisade écarlate', 'La Croisade ecarlate', 'frFR', 'la-croisade-écarlate', 'Europe/Paris', 2, 2),
(1087, 'Executus', 'Executus', 'Executus', 'Executus', 'Executus', 'Executus', 'Executus', 'Executus', 'Executus', 'Executus', '埃克索图斯', '埃克索圖斯', 'enGB', 'executus', 'Europe/Paris', 1, 1),
(1088, 'Trollbane', 'Trollbane', 'Trollbane', 'Trollbane', 'Trollbane', 'Trollbane', 'Trollbane', 'Trollbane', 'Trollbane', 'Trollbane', '托尔贝恩', '托爾貝恩', 'enGB', 'trollbane', 'Europe/Paris', 1, 1),
(1089, 'Mazrigos', 'Mazrigos', 'Mazrigos', 'Mazrigos', 'Mazrigos', 'Mazrigos', 'Mazrigos', 'Mazrigos', 'Mazrigos', 'Mazrigos', 'Mazrigos', '馬茲瑞葛斯', 'enGB', 'mazrigos', 'Europe/Paris', 1, 1),
(1090, 'Talnivarr', 'Talnivarr', 'Talnivarr', 'Talnivarr', 'Talnivarr', 'Talnivarr', 'Talnivarr', 'Talnivarr', 'Talnivarr', 'Talnivarr', '托尼瓦尔', '泰爾尼瓦', 'enGB', 'talnivarr', 'Europe/Paris', 1, 1),
(1091, 'Emeriss', 'Emeriss', 'Emeriss', 'Emeriss', 'Emeriss', 'Emeriss', 'Emeriss', 'Emeriss', 'Emeriss', 'Emeriss', '艾莫莉丝', '艾莫莉絲', 'enGB', 'emeriss', 'Europe/Paris', 1, 1),
(1092, 'Drak\'thul', 'Drak\'thul', 'Drak\'thul', 'Drak\'thul', 'Drak\'thul', 'Drak\'thul', 'Drak\'thul', 'Drak\'thul', 'Drak\'thul', 'Drak\'thul', 'Drak\'thul', '德拉克蘇爾', 'enGB', 'drakthul', 'Europe/Paris', 1, 1),
(1093, 'Ahn\'Qiraj', 'Ahn\'Qiraj', 'Ahn\'Qiraj', 'Ahn\'Qiraj', 'Ahn\'Qiraj', 'Ahn\'Qiraj', 'Ahn\'Qiraj', 'Ahn\'Qiraj', 'Ahn\'Qiraj', 'Ahn\'Qiraj', '安其拉', '安其拉', 'enGB', 'ahnqiraj', 'Europe/Paris', 1, 1),
(1096, 'Scarshield Legion', 'Scarshield Legion', 'Scarshield Legion', 'Scarshield Legion', 'Scarshield Legion', 'Scarshield Legion', 'Scarshield Legion', 'Scarshield Legion', 'Scarshield Legion', 'Scarshield Legion', '裂盾军团', '裂盾軍團', 'enGB', 'scarshield-legion', 'Europe/Paris', 1, 2),
(1097, 'Ysera', 'Ysera', 'Ysera', 'Ysera', 'Ysera', 'Ysera', 'Ysera', 'Ysera', 'Ysera', 'Ysera', '伊瑟拉', '伊瑟拉', 'deDE', 'ysera', 'Europe/Paris', 3, 1),
(1098, 'Malygos', 'Malygos', 'Malygos', 'Malygos', 'Malygos', 'Malygos', 'Malygos', 'Malygos', 'Malygos', 'Malygos', '玛里苟斯', '瑪里苟斯', 'deDE', 'malygos', 'Europe/Paris', 3, 1),
(1099, 'Rexxar', 'Rexxar', 'Rexxar', 'Rexxar', 'Rexxar', 'Rexxar', 'Rexxar', 'Rexxar', 'Rexxar', 'Rexxar', '雷克萨', '雷克薩', 'deDE', 'rexxar', 'Europe/Paris', 3, 1),
(1104, 'Anetheron', 'Anetheron', 'Anetheron', 'Anetheron', 'Anetheron', 'Anetheron', 'Anetheron', 'Anetheron', 'Anetheron', 'Anetheron', '安纳塞隆', '安納塞隆', 'deDE', 'anetheron', 'Europe/Paris', 3, 1),
(1105, 'Nazjatar', 'Nazjatar', 'Nazjatar', 'Nazjatar', 'Nazjatar', 'Nazjatar', 'Nazjatar', 'Nazjatar', 'Nazjatar', 'Nazjatar', '纳沙塔尔', '納沙塔爾', 'deDE', 'nazjatar', 'Europe/Paris', 3, 1),
(1106, 'Tichondrius', 'Tichondrius', 'Tichondrius', 'Tichondrius', 'Tichondrius', 'Tichondrius', 'Tichondrius', 'Tichondrius', 'Tichondrius', 'Tichondrius', '提克迪奥斯', '提克迪奧斯', 'deDE', 'tichondrius', 'Europe/Paris', 3, 1),
(1117, 'Steamwheedle Cartel', 'Steamwheedle Cartel', 'Steamwheedle Cartel', 'Steamwheedle Cartel', 'Steamwheedle Cartel', 'Steamwheedle Cartel', 'Steamwheedle Cartel', 'Steamwheedle Cartel', 'Steamwheedle Cartel', 'Steamwheedle Cartel', '热砂港', '熱砂企業', 'enGB', 'steamwheedle-cartel', 'Europe/Paris', 1, 2),
(1118, 'Die ewige Wacht', 'Die ewige Wacht', 'Die ewige Wacht', 'Die ewige Wacht', 'Die ewige Wacht', 'Die ewige Wacht', 'Die ewige Wacht', 'Die ewige Wacht', 'Die ewige Wacht', 'Die ewige Wacht', 'Die ewige Wacht', 'Die ewige Wacht', 'deDE', 'die-ewige-wacht', 'Europe/Paris', 3, 2),
(1119, 'Die Todeskrallen', 'Die Todeskrallen', 'Die Todeskrallen', 'Die Todeskrallen', 'Die Todeskrallen', 'Die Todeskrallen', 'Die Todeskrallen', 'Die Todeskrallen', 'Die Todeskrallen', 'Die Todeskrallen', 'Die Todeskrallen', 'Die Todeskrallen', 'deDE', 'die-todeskrallen', 'Europe/Paris', 3, 2),
(1121, 'Die Arguswacht', 'Die Arguswacht', 'Die Arguswacht', 'Die Arguswacht', 'Die Arguswacht', 'Die Arguswacht', 'Die Arguswacht', 'Die Arguswacht', 'Die Arguswacht', 'Die Arguswacht', 'Die Arguswacht', 'Die Arguswacht', 'deDE', 'die-arguswacht', 'Europe/Paris', 3, 2),
(1122, 'Uldaman', 'Uldaman', 'Uldaman', 'Uldaman', 'Uldaman', 'Uldaman', 'Uldaman', 'Uldaman', 'Uldaman', 'Uldaman', '奥达曼', '奧達曼', 'frFR', 'uldaman', 'Europe/Paris', 2, 1),
(1123, 'Etrigg', 'Eitrigg', 'Eitrigg', 'Eitrigg', 'Eitrigg', 'Eitrigg', 'Eitrigg', 'Eitrigg', 'Eitrigg', 'Eitrigg', '伊崔格', '伊崔格', 'frFR', 'eitrigg', 'Europe/Paris', 2, 1),
(1127, 'Confrérie du Thorium', 'Confrérie du Thorium', 'Confrérie du Thorium', 'Confrérie du Thorium', 'Confrérie du Thorium', 'Confrérie du Thorium', 'Confrérie du Thorium', 'Confrérie du Thorium', 'Confrérie du Thorium', 'Confrérie du Thorium', 'Confrérie du Thorium', 'Confrerie du Thorium', 'frFR', 'confrérie-du-thorium', 'Europe/Paris', 2, 2),
(1298, 'Vek\'nilash', 'Vek\'nilash', 'Vek\'nilash', 'Vek\'nilash', 'Vek\'nilash', 'Vek\'nilash', 'Vek\'nilash', 'Vek\'nilash', 'Vek\'nilash', 'Vek\'nilash', '维克尼拉斯', '維克尼拉斯', 'enGB', 'veknilash', 'Europe/Paris', 1, 1),
(1299, 'Boulderfist', 'Boulderfist', 'Boulderfist', 'Boulderfist', 'Boulderfist', 'Boulderfist', 'Boulderfist', 'Boulderfist', 'Boulderfist', 'Boulderfist', '冰川之拳', '石拳', 'enGB', 'boulderfist', 'Europe/Paris', 1, 1),
(1300, 'Frostmane', 'Frostmane', 'Frostmane', 'Frostmane', 'Frostmane', 'Frostmane', 'Frostmane', 'Frostmane', 'Frostmane', 'Frostmane', '冰霜之刃', '冰霜之刺', 'enGB', 'frostmane', 'Europe/Paris', 1, 1),
(1301, 'Outland', 'Outland', 'Outland', 'Outland', 'Outland', 'Outland', 'Outland', 'Outland', 'Outland', 'Outland', '外域', '外域', 'enGB', 'outland', 'Europe/Paris', 1, 1),
(1303, 'Grim Batol', 'Grim Batol', 'Grim Batol', 'Grim Batol', 'Grim Batol', 'Grim Batol', 'Grim Batol', 'Grim Batol', 'Grim Batol', 'Grim Batol', '格瑞姆巴托', '格瑞姆巴托', 'enGB', 'grim-batol', 'Europe/Paris', 1, 1),
(1304, 'Jaedenar', 'Jaedenar', 'Jaedenar', 'Jaedenar', 'Jaedenar', 'Jaedenar', 'Jaedenar', 'Jaedenar', 'Jaedenar', 'Jaedenar', '加德纳尔', '加德納爾', 'enGB', 'jaedenar', 'Europe/Paris', 1, 1),
(1305, 'Kazzak', 'Kazzak', 'Kazzak', 'Kazzak', 'Kazzak', 'Kazzak', 'Kazzak', 'Kazzak', 'Kazzak', 'Kazzak', '卡扎克', '卡札克', 'enGB', 'kazzak', 'Europe/Paris', 1, 1),
(1306, 'Tarren Mill', 'Tarren Mill', 'Tarren Mill', 'Tarren Mill', 'Tarren Mill', 'Tarren Mill', 'Tarren Mill', 'Tarren Mill', 'Tarren Mill', 'Tarren Mill', '塔伦米尔', '塔倫米爾', 'enGB', 'tarren-mill', 'Europe/Paris', 1, 1),
(1307, 'Chamber of Aspects', 'Chamber of Aspects', 'Chamber of Aspects', 'Chamber of Aspects', 'Chamber of Aspects', 'Chamber of Aspects', 'Chamber of Aspects', 'Chamber of Aspects', 'Chamber of Aspects', 'Chamber of Aspects', '龙神之厅', '守護巨龍之間', 'enGB', 'chamber-of-aspects', 'Europe/Paris', 1, 1),
(1308, 'Ravenholdt', 'Ravenholdt', 'Ravenholdt', 'Ravenholdt', 'Ravenholdt', 'Ravenholdt', 'Ravenholdt', 'Ravenholdt', 'Ravenholdt', 'Ravenholdt', '拉文霍德', '拉文霍德', 'enGB', 'ravenholdt', 'Europe/Paris', 1, 2),
(1309, 'Pozzo dell\'Eternità', 'Pozzo dell\'Eternità', 'Pozzo dell\'Eternità', 'Pozzo dell\'Eternità', 'Pozzo dell\'Eternità', 'Pozzo dell\'Eternità', 'Pozzo dell\'Eternità', 'Pozzo dell\'Eternità', 'Well of Eternity', 'Pozzo dell\'Eternità', 'Pozzo dell\'Eternità', 'Pozzo dell\'Eternità', 'itIT', 'pozzo-delleternità', 'Europe/Paris', 4, 1),
(1310, 'Eonar', 'Eonar', 'Eonar', 'Eonar', 'Eonar', 'Eonar', 'Eonar', 'Eonar', 'Eonar', 'Eonar', '艾欧娜尔', '伊歐娜', 'enGB', 'eonar', 'Europe/Paris', 1, 1),
(1311, 'Kilrogg', 'Kilrogg', 'Kilrogg', 'Kilrogg', 'Kilrogg', 'Kilrogg', 'Kilrogg', 'Kilrogg', 'Kilrogg', 'Kilrogg', '基尔罗格', '基爾羅格', 'enGB', 'kilrogg', 'Europe/Paris', 1, 1),
(1312, 'Aerie Peak', 'Aerie Peak', 'Aerie Peak', 'Aerie Peak', 'Aerie Peak', 'Aerie Peak', 'Aerie Peak', 'Aerie Peak', 'Aerie Peak', 'Aerie Peak', '鹰巢山', '鷹巢山', 'enGB', 'aerie-peak', 'Europe/Paris', 1, 1),
(1313, 'Wildhammer', 'Wildhammer', 'Wildhammer', 'Wildhammer', 'Wildhammer', 'Wildhammer', 'Wildhammer', 'Wildhammer', 'Wildhammer', 'Wildhammer', '蛮锤', '蠻錘', 'enGB', 'wildhammer', 'Europe/Paris', 1, 1),
(1314, 'Saurfang', 'Saurfang', 'Saurfang', 'Saurfang', 'Saurfang', 'Saurfang', 'Saurfang', 'Saurfang', 'Saurfang', 'Saurfang', '萨鲁法尔', '薩魯法爾', 'enGB', 'saurfang', 'Europe/Paris', 1, 1),
(1316, 'Nemesis', 'Nemesis', 'Nemesis', 'Nemesis', 'Nemesis', 'Nemesis', 'Nemesis', 'Nemesis', 'Nemesis', 'Nemesis', '涅墨西斯', '涅密希斯', 'itIT', 'nemesis', 'Europe/Paris', 4, 1),
(1317, 'Darkmoon Faire', 'Darkmoon Faire', 'Darkmoon Faire', 'Darkmoon Faire', 'Darkmoon Faire', 'Darkmoon Faire', 'Darkmoon Faire', 'Darkmoon Faire', 'Darkmoon Faire', 'Darkmoon Faire', '暗月马戏团', '暗月馬戲團', 'enGB', 'darkmoon-faire', 'Europe/Paris', 1, 2),
(1318, 'Vek\'lor', 'Vek\'lor', 'Vek\'lor', 'Vek\'lor', 'Vek\'lor', 'Vek\'lor', 'Vek\'lor', 'Vek\'lor', 'Vek\'lor', 'Vek\'lor', '维克洛尔', '維克洛爾', 'deDE', 'veklor', 'Europe/Paris', 3, 1),
(1319, 'Mug\'thol', 'Mug\'thol', 'Mug\'thol', 'Mug\'thol', 'Mug\'thol', 'Mug\'thol', 'Mug\'thol', 'Mug\'thol', 'Mug\'thol', 'Mug\'thol', '玛格索尔', '瑪格索爾', 'deDE', 'mugthol', 'Europe/Paris', 3, 1),
(1320, 'Taerar', 'Taerar', 'Taerar', 'Taerar', 'Taerar', 'Taerar', 'Taerar', 'Taerar', 'Taerar', 'Taerar', '泰拉尔', '泰拉爾', 'deDE', 'taerar', 'Europe/Paris', 3, 1),
(1321, 'Dalvengyr', 'Dalvengyr', 'Dalvengyr', 'Dalvengyr', 'Dalvengyr', 'Dalvengyr', 'Dalvengyr', 'Dalvengyr', 'Dalvengyr', 'Dalvengyr', '达文格尔', '達拉溫格', 'deDE', 'dalvengyr', 'Europe/Paris', 3, 1),
(1322, 'Rajaxx', 'Rajaxx', 'Rajaxx', 'Rajaxx', 'Rajaxx', 'Rajaxx', 'Rajaxx', 'Rajaxx', 'Rajaxx', 'Rajaxx', '拉贾克斯', '拉賈克斯', 'deDE', 'rajaxx', 'Europe/Paris', 3, 1),
(1323, 'Ulduar', 'Ulduar', 'Ulduar', 'Ulduar', 'Ulduar', 'Ulduar', 'Ulduar', 'Ulduar', 'Ulduar', 'Ulduar', '奥杜尔', '奧杜亞', 'deDE', 'ulduar', 'Europe/Paris', 3, 1),
(1324, 'Malorne', 'Malorne', 'Malorne', 'Malorne', 'Malorne', 'Malorne', 'Malorne', 'Malorne', 'Malorne', 'Malorne', '玛洛恩', '瑪洛尼', 'deDE', 'malorne', 'Europe/Paris', 3, 1),
(1326, 'Der Abyssische Rat', 'Der abyssische Rat', 'Der abyssische Rat', 'Der abyssische Rat', 'Der abyssische Rat', 'Der abyssische Rat', 'Der abyssische Rat', 'Der abyssische Rat', 'Der abyssische Rat', 'Der abyssische Rat', 'Der abyssische Rat', 'Der abyssische Rat', 'deDE', 'der-abyssische-rat', 'Europe/Paris', 3, 2),
(1327, 'Der Mithrilorden', 'Der Mithrilorden', 'Der Mithrilorden', 'Der Mithrilorden', 'Der Mithrilorden', 'Der Mithrilorden', 'Der Mithrilorden', 'Der Mithrilorden', 'Der Mithrilorden', 'Der Mithrilorden', 'Der Mithrilorden', 'Der Mithrilorden', 'deDE', 'der-mithrilorden', 'Europe/Paris', 3, 2),
(1328, 'Tirion', 'Tirion', 'Tirion', 'Tirion', 'Tirion', 'Tirion', 'Tirion', 'Tirion', 'Tirion', 'Tirion', '提里奥', '提里奧', 'deDE', 'tirion', 'Europe/Paris', 3, 1),
(1330, 'Ambossar', 'Ambossar', 'Ambossar', 'Ambossar', 'Ambossar', 'Ambossar', 'Ambossar', 'Ambossar', 'Ambossar', 'Ambossar', 'Ambossar', '安伯薩', 'deDE', 'ambossar', 'Europe/Paris', 3, 1),
(1331, 'Suramar', 'Suramar', 'Suramar', 'Suramar', 'Suramar', 'Suramar', 'Suramar', 'Suramar', 'Suramar', 'Suramar', '苏拉玛', '蘇拉瑪爾', 'frFR', 'suramar', 'Europe/Paris', 2, 1),
(1332, 'Krasus', 'Krasus', 'Krasus', 'Krasus', 'Krasus', 'Krasus', 'Krasus', 'Krasus', 'Krasus', 'Krasus', '克拉苏斯', '卡薩斯', 'frFR', 'krasus', 'Europe/Paris', 2, 1),
(1333, 'Die Nachtwache', 'Die Nachtwache', 'Die Nachtwache', 'Die Nachtwache', 'Die Nachtwache', 'Die Nachtwache', 'Die Nachtwache', 'Die Nachtwache', 'Die Nachtwache', 'Die Nachtwache', 'Die Nachtwache', 'Die Nachtwache', 'deDE', 'die-nachtwache', 'Europe/Paris', 3, 2),
(1334, 'Arathi', 'Arathi', 'Arathi', 'Arathi', 'Arathi', 'Arathi', 'Arathi', 'Arathi', 'Arathi', 'Arathi', '阿拉希', '阿拉希', 'frFR', 'arathi', 'Europe/Paris', 2, 1),
(1335, 'Ysondre', 'Ysondre', 'Ysondre', 'Ysondre', 'Ysondre', 'Ysondre', 'Ysondre', 'Ysondre', 'Ysondre', 'Ysondre', '伊森德雷', '伊索德雷', 'frFR', 'ysondre', 'Europe/Paris', 2, 1),
(1336, 'Eldre\'Thalas', 'Eldre\'Thalas', 'Eldre\'Thalas', 'Eldre\'Thalas', 'Eldre\'Thalas', 'Eldre\'Thalas', 'Eldre\'Thalas', 'Eldre\'Thalas', 'Eldre\'Thalas', 'Eldre\'Thalas', '埃德萨拉', '埃德薩拉斯', 'frFR', 'eldrethalas', 'Europe/Paris', 2, 1),
(1337, 'Culte de la Rive noire', 'Culte de la Rive noire', 'Culte de la Rive noire', 'Culte de la Rive noire', 'Culte de la Rive noire', 'Culte de la Rive noire', 'Culte de la Rive noire', 'Kurdran', 'Culte de la Rive noire', 'Culte de la Rive noire', 'Culte de la Rive noire', 'Culte de la Rive noire', 'frFR', 'culte-de-la-rive-noire', 'Europe/Paris', 2, 2),
(1378, 'Dun Modr', 'Dun Modr', 'Dun Modr', 'Dun Modr', 'Dun Modr', 'Dun Modr', 'Dun Modr', 'Dun Modr', 'Dun Modr', 'Dun Modr', '丹莫德', '丹莫德', 'esES', 'dun-modr', 'Europe/Paris', 5, 1),
(1379, 'Zul\'jin', 'Zul\'jin', 'Zul\'jin', 'Zul\'jin', 'Zul\'jin', 'Zul\'jin', 'Zul\'jin', 'Zul\'jin', 'Zul\'jin', 'Zul\'jin', '祖尔金', '祖爾金', 'esES', 'zuljin', 'Europe/Paris', 5, 1),
(1380, 'Uldum', 'Uldum', 'Uldum', 'Uldum', 'Uldum', 'Uldum', 'Uldum', 'Uldum', 'Uldum', 'Uldum', '奥丹姆', '奧丹姆', 'esES', 'uldum', 'Europe/Paris', 5, 1),
(1381, 'C\'Thun', 'C\'Thun', 'C\'Thun', 'C\'Thun', 'C\'Thun', 'C\'Thun', 'C\'Thun', 'C\'Thun', 'C\'Thun', 'C\'Thun', '克苏恩', '克蘇恩', 'esES', 'cthun', 'Europe/Paris', 5, 1),
(1382, 'Sanguino', 'Sanguino', 'Sanguino', 'Sanguino', 'Sanguino', 'Sanguino', 'Sanguino', 'Sanguino', 'Sanguino', 'Sanguino', 'Sanguino', '杉圭諾', 'esES', 'sanguino', 'Europe/Paris', 5, 1),
(1383, 'Shen\'dralar', 'Shen\'dralar', 'Shen\'dralar', 'Shen\'dralar', 'Shen\'dralar', 'Shen\'dralar', 'Shen\'dralar', 'Shen\'dralar', 'Shen\'dralar', 'Shen\'dralar', '辛德拉', '辛德拉', 'esES', 'shendralar', 'Europe/Paris', 5, 1),
(1384, 'Tyrande', 'Tyrande', 'Tyrande', 'Tyrande', 'Tyrande', 'Tyrande', 'Tyrande', 'Tyrande', 'Tyrande', 'Tyrande', '泰兰德', '泰蘭妲', 'esES', 'tyrande', 'Europe/Paris', 5, 1),
(1385, 'Exodar', 'Exodar', 'Exodar', 'Exodar', 'Exodar', 'Exodar', 'Exodar', 'Exodar', 'Exodar', 'Exodar', '埃索达', '艾克索達', 'esES', 'exodar', 'Europe/Paris', 5, 1),
(1386, 'Minahonda', 'Minahonda', 'Minahonda', 'Minahonda', 'Minahonda', 'Minahonda', 'Minahonda', 'Minahonda', 'Minahonda', 'Minahonda', 'Minahonda', '米那弘達', 'esES', 'minahonda', 'Europe/Paris', 5, 1),
(1387, 'Los Errantes', 'Los Errantes', 'Los Errantes', 'Los Errantes', 'Los Errantes', 'Los Errantes', 'Los Errantes', 'Los Errantes', 'Los Errantes', 'Los Errantes', 'Los Errantes', 'Los Errantes', 'esES', 'los-errantes', 'Europe/Paris', 5, 1),
(1388, 'Lightbringer', 'Lightbringer', 'Lightbringer', 'Lightbringer', 'Lightbringer', 'Lightbringer', 'Lightbringer', 'Lightbringer', 'Lightbringer', 'Lightbringer', '光明使者', '光明使者', 'enGB', 'lightbringer', 'Europe/Paris', 1, 1),
(1389, 'Darkspear', 'Darkspear', 'Darkspear', 'Darkspear', 'Darkspear', 'Darkspear', 'Darkspear', 'Darkspear', 'Darkspear', 'Darkspear', '黑暗之矛', '暗矛部族', 'enGB', 'darkspear', 'Europe/Paris', 1, 1),
(1391, 'Alonsus', 'Alonsus', 'Alonsus', 'Alonsus', 'Alonsus', 'Alonsus', 'Alonsus', 'Alonsus', 'Alonsus', 'Alonsus', '阿隆索斯', '阿隆索斯', 'enGB', 'alonsus', 'Europe/Paris', 1, 1),
(1392, 'Burning Steppes', 'Burning Steppes', 'Burning Steppes', 'Burning Steppes', 'Burning Steppes', 'Burning Steppes', 'Burning Steppes', 'Burning Steppes', 'Burning Steppes', 'Burning Steppes', '燃烧平原', '燃燒平原', 'enGB', 'burning-steppes', 'Europe/Paris', 1, 1),
(1393, 'Bronze Dragonflight', 'Bronze Dragonflight', 'Bronze Dragonflight', 'Bronze Dragonflight', 'Bronze Dragonflight', 'Bronze Dragonflight', 'Bronze Dragonflight', 'Bronze Dragonflight', 'Bronze Dragonflight', 'Bronze Dragonflight', '铜龙军团', '青銅龍軍團', 'enGB', 'bronze-dragonflight', 'Europe/Paris', 1, 1),
(1394, 'Anachronos', 'Anachronos', 'Anachronos', 'Anachronos', 'Anachronos', 'Anachronos', 'Anachronos', 'Anachronos', 'Anachronos', 'Anachronos', '阿纳克洛斯', '安納克羅斯', 'enGB', 'anachronos', 'Europe/Paris', 1, 1),
(1395, 'Colinas Pardas', 'Colinas Pardas', 'Colinas Pardas', 'Colinas Pardas', 'Colinas Pardas', 'Colinas Pardas', 'Colinas Pardas', 'Colinas Pardas', 'Colinas Pardas', 'Spirestone', 'Colinas Pardas', 'Colinas Pardas', 'esES', 'colinas-pardas', 'Europe/Paris', 5, 1),
(1400, 'Un\'Goro', 'Un\'Goro', 'Un\'Goro', 'Un\'Goro', 'Un\'Goro', 'Un\'Goro', 'Un\'Goro', 'Un\'Goro', 'Un\'Goro', 'Un\'Goro', '安戈洛', '安戈洛', 'deDE', 'ungoro', 'Europe/Paris', 3, 1),
(1401, 'Garrosh', 'Garrosh', 'Garrosh', 'Garrosh', 'Garrosh', 'Garrosh', 'Garrosh', 'Garrosh', 'Garrosh', 'Garrosh', '加尔鲁什', '卡爾洛斯', 'deDE', 'garrosh', 'Europe/Paris', 3, 1),
(1404, 'Area 52', 'Area 52', 'Area 52', 'Area 52', 'Area 52', 'Area 52', 'Area 52', 'Area 52', 'Area 52', 'Area 52', 'Area 52', '52區', 'deDE', 'area-52', 'Europe/Paris', 3, 1),
(1405, 'Todeswache', 'Todeswache', 'Todeswache', 'Todeswache', 'Todeswache', 'Todeswache', 'Todeswache', 'Todeswache', 'Todeswache', 'Todeswache', 'Todeswache', 'Todeswache', 'deDE', 'todeswache', 'Europe/Paris', 3, 2),
(1406, 'Arygos', 'Arygos', 'Arygos', 'Arygos', 'Arygos', 'Arygos', 'Arygos', 'Arygos', 'Arygos', 'Arygos', '亚雷戈斯', '亞雷戈斯', 'deDE', 'arygos', 'Europe/Paris', 3, 1),
(1407, 'Teldrassil', 'Teldrassil', 'Teldrassil', 'Teldrassil', 'Teldrassil', 'Teldrassil', 'Teldrassil', 'Teldrassil', 'Teldrassil', 'Teldrassil', '泰达希尔', '泰達希爾', 'deDE', 'teldrassil', 'Europe/Paris', 3, 1),
(1408, 'Norgannon', 'Norgannon', 'Norgannon', 'Norgannon', 'Norgannon', 'Norgannon', 'Norgannon', 'Norgannon', 'Norgannon', 'Norgannon', '诺甘农', '諾甘農', 'deDE', 'norgannon', 'Europe/Paris', 3, 1),
(1409, 'Lordaeron', 'Lordaeron', 'Lordaeron', 'Lordaeron', 'Lordaeron', 'Lordaeron', 'Lordaeron', 'Lordaeron', 'Lordaeron', 'Lordaeron', '洛丹伦', '羅德隆', 'deDE', 'lordaeron', 'Europe/Paris', 3, 1),
(1413, 'Aggra (Portugiesisch)', 'Aggra (Português)', 'Aggra (Português)', 'Aggra (Português)', 'Aggra (Português)', 'Aggra (Português)', 'Aggra (Português)', 'Aggra (Português)', 'Aggra (Português)', 'Aggra (Português)', 'Aggra (Português)', '阿格拉(葡萄牙語)', 'ptPT', 'aggra-português', 'Europe/Paris', 1, 1),
(1415, 'Terokkar', 'Terokkar', 'Terokkar', 'Terokkar', 'Terokkar', 'Terokkar', 'Terokkar', 'Terokkar', 'Terokkar', 'Terokkar', '泰罗卡', '泰洛卡', 'enGB', 'terokkar', 'Europe/Paris', 1, 1),
(1416, 'Blade\'s Edge', 'Blade\'s Edge', 'Blade\'s Edge', 'Blade\'s Edge', 'Blade\'s Edge', 'Blade\'s Edge', 'Blade\'s Edge', 'Blade\'s Edge', 'Blade\'s Edge', 'Blade\'s Edge', '刀锋山', '劍刃山脈', 'enGB', 'blades-edge', 'Europe/Paris', 1, 1),
(1417, 'Azuremyst', 'Azuremyst', 'Azuremyst', 'Azuremyst', 'Azuremyst', 'Azuremyst', 'Azuremyst', 'Azuremyst', 'Azuremyst', 'Azuremyst', '秘蓝岛', '藍謎島', 'enGB', 'azuremyst', 'Europe/Paris', 1, 1),
(1587, 'Hellfire', 'Hellfire', 'Hellfire', 'Hellfire', 'Hellfire', 'Hellfire', 'Hellfire', 'Hellfire', 'Hellfire', 'Hellfire', '地狱火', '地獄火', 'enGB', 'hellfire', 'Europe/Paris', 1, 1),
(1588, 'Ghostlands', 'Ghostlands', 'Ghostlands', 'Ghostlands', 'Ghostlands', 'Ghostlands', 'Ghostlands', 'Ghostlands', 'Ghostlands', 'Ghostlands', '幽魂之地', '鬼魂之地', 'enGB', 'ghostlands', 'Europe/Paris', 1, 1),
(1589, 'Nagrand', 'Nagrand', 'Nagrand', 'Nagrand', 'Nagrand', 'Nagrand', 'Nagrand', 'Nagrand', 'Nagrand', 'Nagrand', '纳格兰', '納葛蘭', 'enGB', 'nagrand', 'Europe/Paris', 1, 1),
(1595, 'The Sha\'tar', 'The Sha\'tar', 'The Sha\'tar', 'The Sha\'tar', 'The Sha\'tar', 'The Sha\'tar', 'The Sha\'tar', 'The Sha\'tar', 'The Sha\'tar', 'The Sha\'tar', '沙塔尔', '薩塔', 'enGB', 'the-shatar', 'Europe/Paris', 1, 2),
(1596, 'Karazhan', 'Karazhan', 'Karazhan', 'Karazhan', 'Karazhan', 'Karazhan', 'Karazhan', 'Karazhan', 'Karazhan', 'Karazhan', '卡拉赞', '卡拉贊', 'enGB', 'karazhan', 'Europe/Paris', 1, 1),
(1597, 'Auchindoun', 'Auchindoun', 'Auchindoun', 'Auchindoun', 'Auchindoun', 'Auchindoun', 'Auchindoun', 'Auchindoun', 'Auchindoun', 'Auchindoun', '奥金顿', '奧齊頓', 'enGB', 'auchindoun', 'Europe/Paris', 1, 1),
(1598, 'Shattered Halls', 'Shattered Halls', 'Shattered Halls', 'Shattered Halls', 'Shattered Halls', 'Shattered Halls', 'Shattered Halls', 'Shattered Halls', 'Shattered Halls', 'Shattered Halls', '破碎大厅', '破碎大廳', 'enGB', 'shattered-halls', 'Europe/Paris', 1, 1),
(1602, 'Gordunni', 'Gordunni', 'Gordunni', 'Gordunni', 'Gordunni', 'Gordunni', 'Гордунни', 'Gordunni', 'Гордунни', 'Гордунни', '戈杜尼', '戈杜尼', 'ruRU', 'gordunni', 'Europe/Paris', 6, 1),
(1603, 'Lich King', 'Lich King', 'Lich King', 'Lich King', 'Lich King', 'Lich King', 'Король-лич', 'Lich King', 'Король-лич', 'Король-лич', '巫妖之王', 'Lich King', 'ruRU', 'lich-king', 'Europe/Paris', 6, 1),
(1604, 'Soulflayer', 'Soulflayer', 'Soulflayer', 'Soulflayer', 'Soulflayer', 'Soulflayer', 'Свежеватель Душ', 'Soulflayer', 'Свежеватель Душ', 'Свежеватель Душ', '夺灵者', '全球爭霸戰11', 'ruRU', 'soulflayer', 'Europe/Paris', 6, 1),
(1605, 'Deathguard', 'Deathguard', 'Deathguard', 'Deathguard', 'Deathguard', 'Deathguard', 'Страж Смерти', 'Deathguard', 'Страж Смерти', 'Страж Смерти', '亡灵卫士', '全球爭霸戰12', 'ruRU', 'deathguard', 'Europe/Paris', 6, 1),
(1606, 'Sporeggar', 'Sporeggar', 'Sporeggar', 'Sporeggar', 'Sporeggar', 'Sporeggar', 'Sporeggar', 'Sporeggar', 'Sporeggar', 'Sporeggar', '孢子村', '斯博格爾', 'enGB', 'sporeggar', 'Europe/Paris', 1, 2),
(1607, 'Nethersturm', 'Nethersturm', 'Nethersturm', 'Nethersturm', 'Nethersturm', 'Nethersturm', 'Nethersturm', 'Nethersturm', 'Nethersturm', 'Nethersturm', '虚空风暴', '奈瑟史頓', 'deDE', 'nethersturm', 'Europe/Paris', 3, 1),
(1608, 'Shattrath', 'Shattrath', 'Shattrath', 'Shattrath', 'Shattrath', 'Shattrath', 'Shattrath', 'Shattrath', 'Shattrath', 'Shattrath', '沙塔斯', '撒塔斯', 'deDE', 'shattrath', 'Europe/Paris', 3, 1);
INSERT INTO `REALMS` (`ID`, `DE_DE`, `EN_GB`, `EN_US`, `ES_ES`, `ES_MX`, `FR_FR`, `IT_IT`, `KO_KR`, `PT_BR`, `RU_RU`, `ZH_CN`, `ZH_TW`, `LOCALE`, `SLUG`, `TIMEZONE`, `REALM_CATEGORY_ID`, `REALM_TYPE_ID`) VALUES
(1609, 'Deephome', 'Deepholm', 'Deepholm', 'Deephome', 'Deephome', 'Deepholm', 'Подземье', 'Deepholm', 'Подземье', 'Подземье', '深渊之巢', 'Deephome', 'ruRU', 'deepholm', 'Europe/Paris', 6, 1),
(1610, 'Greymane', 'Greymane', 'Greymane', 'Greymane', 'Greymane', 'Greymane', 'Седогрив', 'Greymane', 'Седогрив', 'Седогрив', '格雷迈恩', 'Greymane', 'ruRU', 'greymane', 'Europe/Paris', 6, 1),
(1611, 'Festung der Stürme', 'Festung der Stürme', 'Festung der Stürme', 'Festung der Stürme', 'Festung der Stürme', 'Festung der Stürme', 'Festung der Stürme', 'Festung der Stürme', 'Festung der Stürme', 'Festung der Stürme', 'Festung der Stürme', 'Festung der Sturme', 'deDE', 'festung-der-stürme', 'Europe/Paris', 3, 1),
(1612, 'Echsenkessel', 'Echsenkessel', 'Echsenkessel', 'Echsenkessel', 'Echsenkessel', 'Echsenkessel', 'Echsenkessel', 'Echsenkessel', 'Echsenkessel', 'Echsenkessel', 'Echsenkessel', 'Echsenkessel', 'deDE', 'echsenkessel', 'Europe/Paris', 3, 1),
(1613, 'Blutkessel', 'Blutkessel', 'Blutkessel', 'Blutkessel', 'Blutkessel', 'Blutkessel', 'Blutkessel', 'Blutkessel', 'Blutkessel', 'Blutkessel', 'Blutkessel', '布魯克塞爾', 'deDE', 'blutkessel', 'Europe/Paris', 3, 1),
(1614, 'Galakrond', 'Galakrond', 'Galakrond', 'Galakrond', 'Galakrond', 'Galakrond', 'Галакронд', 'Galakrond', 'Галакронд', 'Галакронд', '迦拉克隆', 'Galakrond', 'ruRU', 'galakrond', 'Europe/Paris', 6, 1),
(1615, 'Howling Fjord', 'Howling Fjord', 'Howling Fjord', 'Howling Fjord', 'Howling Fjord', 'Howling Fjord', 'Ревущий фьорд', 'Howling Fjord', 'Ревущий фьорд', 'Ревущий фьорд', '嚎风峡湾', 'Howling Fjord', 'ruRU', 'howling-fjord', 'Europe/Paris', 6, 1),
(1616, 'Razuvious', 'Razuvious', 'Razuvious', 'Razuvious', 'Razuvious', 'Razuvious', 'Разувий', 'Razuvious', 'Разувий', 'Разувий', '拉苏维奥斯', 'Razuvious', 'ruRU', 'razuvious', 'Europe/Paris', 6, 1),
(1617, 'Deathweaver', 'Deathweaver', 'Deathweaver', 'Deathweaver', 'Deathweaver', 'Deathweaver', 'Ткач Смерти', 'Deathweaver', 'Ткач Смерти', 'Ткач Смерти', '织亡者', 'Deathweaver', 'ruRU', 'deathweaver', 'Europe/Paris', 6, 1),
(1618, 'Die Aldor', 'Die Aldor', 'Die Aldor', 'Die Aldor', 'Die Aldor', 'Die Aldor', 'Die Aldor', 'Die Aldor', 'Die Aldor', 'Die Aldor', 'Die Aldor', 'Die Aldor', 'deDE', 'die-aldor', 'Europe/Paris', 3, 2),
(1619, 'Das Konsortium', 'Das Konsortium', 'Das Konsortium', 'Das Konsortium', 'Das Konsortium', 'Das Konsortium', 'Das Konsortium', 'Das Konsortium', 'Das Konsortium', 'Das Konsortium', 'Das Konsortium', 'Das Konsortium', 'deDE', 'das-konsortium', 'Europe/Paris', 3, 2),
(1620, 'Chants éternels', 'Chants éternels', 'Chants éternels', 'Chants éternels', 'Chants éternels', 'Chants éternels', 'Chants éternels', 'Chants éternels', 'Chants éternels', 'Chants éternels', 'Chants éternels', 'Chants eternels', 'frFR', 'chants-éternels', 'Europe/Paris', 2, 1),
(1621, 'Marécage de Zangar', 'Marécage de Zangar', 'Marécage de Zangar', 'Marécage de Zangar', 'Marécage de Zangar', 'Marécage de Zangar', 'Marécage de Zangar', 'Marécage de Zangar', 'Marécage de Zangar', 'Marécage de Zangar', 'Marécage de Zangar', 'Marecage de Zangar', 'frFR', 'marécage-de-zangar', 'Europe/Paris', 2, 1),
(1622, 'Temple noir', 'Temple noir', 'Temple noir', 'Temple noir', 'Temple noir', 'Temple noir', 'Temple noir', 'Temple noir', 'Temple noir', 'Temple noir', 'Temple noir', '黑暗神廟', 'frFR', 'temple-noir', 'Europe/Paris', 2, 1),
(1623, 'Fordragon', 'Fordragon', 'Fordragon', 'Fordragon', 'Fordragon', 'Fordragon', 'Дракономор', 'Fordragon', 'Дракономор', 'Дракономор', '弗塔根', 'Fordragon', 'ruRU', 'fordragon', 'Europe/Paris', 6, 1),
(1624, 'Naxxramas', 'Naxxramas', 'Naxxramas', 'Naxxramas', 'Naxxramas', 'Naxxramas', 'Naxxramas', 'Naxxramas', 'Naxxramas', 'Naxxramas', '纳克萨玛斯', '納克薩瑪斯', 'frFR', 'naxxramas', 'Europe/Paris', 2, 1),
(1625, 'Borean Tundra', 'Borean Tundra', 'Borean Tundra', 'Borean Tundra', 'Borean Tundra', 'Borean Tundra', 'Борейская тундра', 'Borean Tundra', 'Борейская тундра', 'Борейская тундра', '北风苔原', 'Borean Tundra', 'ruRU', 'borean-tundra', 'Europe/Paris', 6, 1),
(1626, 'Les Clairvoyants', 'Les Clairvoyants', 'Les Clairvoyants', 'Les Clairvoyants', 'Les Clairvoyants', 'Les Clairvoyants', 'Les Clairvoyants', 'Les Clairvoyants', 'Les Clairvoyants', 'Les Clairvoyants', 'Les Clairvoyants', 'Les Clairvoyants', 'frFR', 'les-clairvoyants', 'Europe/Paris', 2, 2),
(1922, 'Azuregos', 'Azuregos', 'Azuregos', 'Azuregos', 'Azuregos', 'Azuregos', 'Азурегос', 'Azuregos', 'Азурегос', 'Азурегос', '埃苏雷格', '艾索雷苟斯', 'ruRU', 'azuregos', 'Europe/Paris', 6, 1),
(1923, 'Ashenvale', 'Ashenvale', 'Ashenvale', 'Ashenvale', 'Ashenvale', 'Ashenvale', 'Ясеневый лес', 'Ashenvale', 'Ясеневый лес', 'Ясеневый лес', '灰谷', 'Ashenvale', 'ruRU', 'ashenvale', 'Europe/Paris', 6, 1),
(1924, 'Booty Bay', 'Booty Bay', 'Booty Bay', 'Booty Bay', 'Booty Bay', 'Booty Bay', 'Пиратская бухта', 'Booty Bay', 'Пиратская бухта', 'Пиратская Бухта', '藏宝海湾', 'Booty Bay', 'ruRU', 'booty-bay', 'Europe/Paris', 6, 1),
(1925, 'Eversong', 'Eversong', 'Eversong', 'Eversong', 'Eversong', 'Eversong', 'Вечная Песня', 'Eversong', 'Вечная Песня', 'Вечная Песня', '永歌', 'Eversong', 'ruRU', 'eversong', 'Europe/Paris', 6, 1),
(1926, 'Thermaplugg', 'Thermaplugg', 'Thermaplugg', 'Thermaplugg', 'Thermaplugg', 'Thermaplugg', 'Термоштепсель', 'Thermaplugg', 'Термоштепсель', 'Термоштепсель', '瑟玛普拉格', 'Thermaplugg', 'ruRU', 'thermaplugg', 'Europe/Paris', 6, 1),
(1927, 'Grom', 'Grom', 'Grom', 'Grom', 'Grom', 'Grom', 'Гром', 'Grom', 'Гром', 'Гром', '格罗姆', 'Grom', 'ruRU', 'grom', 'Europe/Paris', 6, 1),
(1928, 'Goldrinn', 'Goldrinn', 'Goldrinn', 'Goldrinn', 'Goldrinn', 'Goldrinn', 'Голдринн', 'Goldrinn', 'Голдринн', 'Голдринн', '戈德林', 'Goldrinn', 'ruRU', 'goldrinn', 'Europe/Paris', 6, 1),
(1929, 'Blackscar', 'Blackscar', 'Blackscar', 'Blackscar', 'Blackscar', 'Blackscar', 'Черный Шрам', 'Blackscar', 'Черный Шрам', 'Черный Шрам', '黑痕', 'Blackscar', 'ruRU', 'blackscar', 'Europe/Paris', 6, 1);

COMMIT;

/*!40101 SET CHARACTER_SET_CLIENT=@OLD_CHARACTER_SET_CLIENT */;
/*!40101 SET CHARACTER_SET_RESULTS=@OLD_CHARACTER_SET_RESULTS */;
/*!40101 SET COLLATION_CONNECTION=@OLD_COLLATION_CONNECTION */;
